unique_id,ds,y
AAPL,2015-07-01,28.354204177856445
AAPL,2015-07-02,28.318368911743164
AAPL,2015-07-06,28.219825744628906
AAPL,2015-07-07,28.150388717651367
AAPL,2015-07-08,27.45161247253418
AAPL,2015-07-09,26.891698837280273
AAPL,2015-07-10,27.61062240600586
AAPL,2015-07-13,28.143678665161133
AAPL,2015-07-14,28.132476806640625
AAPL,2015-07-15,28.40346908569336
AAPL,2015-07-16,28.781978607177734
AAPL,2015-07-17,29.03058433532715
AAPL,2015-07-20,29.579303741455078
AAPL,2015-07-21,29.283666610717773
AAPL,2015-07-22,28.04512596130371
AAPL,2015-07-23,28.03169059753418
AAPL,2015-07-24,27.883869171142578
AAPL,2015-07-27,27.496400833129883
AAPL,2015-07-28,27.633024215698242
AAPL,2015-07-29,27.545686721801758
AAPL,2015-07-30,27.406824111938477
AAPL,2015-07-31,27.167177200317383
AAPL,2015-08-03,26.526628494262695
AAPL,2015-08-04,25.675559997558594
AAPL,2015-08-05,25.84577751159668
AAPL,2015-08-06,25.902023315429688
AAPL,2015-08-07,25.989757537841797
AAPL,2015-08-10,26.934677124023438
AAPL,2015-08-11,25.53305435180664
AAPL,2015-08-12,25.926761627197266
AAPL,2015-08-13,25.906517028808594
AAPL,2015-08-14,26.08875274658203
AAPL,2015-08-17,26.358726501464844
AAPL,2015-08-18,26.210241317749023
AAPL,2015-08-19,25.87502670288086
AAPL,2015-08-20,25.34406280517578
AAPL,2015-08-21,23.793954849243164
AAPL,2015-08-24,23.200000762939453
AAPL,2015-08-25,23.33949089050293
AAPL,2015-08-26,24.678123474121094
AAPL,2015-08-27,25.404809951782227
AAPL,2015-08-28,25.488052368164062
AAPL,2015-08-31,25.36880874633789
AAPL,2015-09-01,24.234914779663086
AAPL,2015-09-02,25.274316787719727
AAPL,2015-09-03,24.83110809326172
AAPL,2015-09-04,24.583637237548828
AAPL,2015-09-08,25.267568588256836
AAPL,2015-09-09,24.781612396240234
AAPL,2015-09-10,25.326068878173828
AAPL,2015-09-11,25.69503402709961
AAPL,2015-09-14,25.9425106048584
AAPL,2015-09-15,26.16074562072754
AAPL,2015-09-16,26.189990997314453
AAPL,2015-09-17,25.629793167114258
AAPL,2015-09-18,25.5240478515625
AAPL,2015-09-21,25.920019149780273
AAPL,2015-09-22,25.512805938720703
AAPL,2015-09-23,25.71978759765625
AAPL,2015-09-24,25.87276840209961
AAPL,2015-09-25,25.80752944946289
AAPL,2015-09-28,25.29681396484375
AAPL,2015-09-29,24.53638458251953
AAPL,2015-09-30,24.815357208251953
AAPL,2015-10-01,24.65337562561035
AAPL,2015-10-02,24.833356857299805
AAPL,2015-10-05,24.923357009887695
AAPL,2015-10-06,25.042591094970703
AAPL,2015-10-07,24.923357009887695
AAPL,2015-10-08,24.6353816986084
AAPL,2015-10-09,25.224830627441406
AAPL,2015-10-12,25.107837677001953
AAPL,2015-10-13,25.150585174560547
AAPL,2015-10-14,24.79511070251465
AAPL,2015-10-15,25.16633415222168
AAPL,2015-10-16,24.981853485107422
AAPL,2015-10-19,25.1370849609375
AAPL,2015-10-20,25.596044540405273
AAPL,2015-10-21,25.593793869018555
AAPL,2015-10-22,25.985261917114258
AAPL,2015-10-23,26.79068946838379
AAPL,2015-10-26,25.935766220092773
AAPL,2015-10-27,25.771522521972656
AAPL,2015-10-28,26.83342933654785
AAPL,2015-10-29,27.116910934448242
AAPL,2015-10-30,26.88518524169922
AAPL,2015-11-02,27.26315689086914
AAPL,2015-11-03,27.575870513916016
AAPL,2015-11-04,27.4476261138916
AAPL,2015-11-05,27.321115493774414
AAPL,2015-11-06,27.352737426757812
AAPL,2015-11-09,27.242019653320312
AAPL,2015-11-10,26.38343620300293
AAPL,2015-11-11,26.234317779541016
AAPL,2015-11-12,26.14620590209961
AAPL,2015-11-13,25.382505416870117
AAPL,2015-11-16,25.798242568969727
AAPL,2015-11-17,25.68753433227539
AAPL,2015-11-18,26.500926971435547
AAPL,2015-11-19,26.837581634521484
AAPL,2015-11-20,26.955074310302734
AAPL,2015-11-23,26.6048583984375
AAPL,2015-11-24,26.860183715820312
AAPL,2015-11-25,26.66812515258789
AAPL,2015-11-27,26.618419647216797
AAPL,2015-11-30,26.729129791259766
AAPL,2015-12-01,26.512222290039062
AAPL,2015-12-02,26.272729873657227
AAPL,2015-12-03,26.028705596923828
AAPL,2015-12-04,26.894071578979492
AAPL,2015-12-07,26.7246150970459
AAPL,2015-12-08,26.71331214904785
AAPL,2015-12-09,26.123607635498047
AAPL,2015-12-10,26.247879028320312
AAPL,2015-12-11,25.57230567932129
AAPL,2015-12-14,25.41413688659668
AAPL,2015-12-15,24.964509963989258
AAPL,2015-12-16,25.15656280517578
AAPL,2015-12-17,24.62333869934082
AAPL,2015-12-18,23.956806182861328
AAPL,2015-12-21,24.25052833557129
AAPL,2015-12-22,24.227935791015625
AAPL,2015-12-23,24.53974151611328
AAPL,2015-12-24,24.408689498901367
AAPL,2015-12-28,24.135299682617188
AAPL,2015-12-29,24.56911277770996
AAPL,2015-12-30,24.248268127441406
AAPL,2015-12-31,23.78282928466797
AAPL,2016-01-04,23.80316734313965
AAPL,2016-01-05,23.206668853759766
AAPL,2016-01-06,22.75252342224121
AAPL,2016-01-07,21.792261123657227
AAPL,2016-01-08,21.90749168395996
AAPL,2016-01-11,22.262226104736328
AAPL,2016-01-12,22.585323333740234
AAPL,2016-01-13,22.004648208618164
AAPL,2016-01-14,22.485912322998047
AAPL,2016-01-15,21.945903778076172
AAPL,2016-01-19,21.8397159576416
AAPL,2016-01-20,21.869091033935547
AAPL,2016-01-21,21.758371353149414
AAPL,2016-01-22,22.915205001831055
AAPL,2016-01-25,22.46783447265625
AAPL,2016-01-26,22.592103958129883
AAPL,2016-01-27,21.107654571533203
AAPL,2016-01-28,21.25904083251953
AAPL,2016-01-29,21.993350982666016
AAPL,2016-02-01,21.787748336791992
AAPL,2016-02-02,21.347156524658203
AAPL,2016-02-03,21.76966667175293
AAPL,2016-02-04,21.944591522216797
AAPL,2016-02-05,21.35848617553711
AAPL,2016-02-08,21.583391189575195
AAPL,2016-02-09,21.57884407043457
AAPL,2016-02-10,21.415285110473633
AAPL,2016-02-11,21.285799026489258
AAPL,2016-02-12,21.351673126220703
AAPL,2016-02-16,21.953672409057617
AAPL,2016-02-17,22.289888381958008
AAPL,2016-02-18,21.867353439331055
AAPL,2016-02-19,21.817378997802734
AAPL,2016-02-22,22.008195877075195
AAPL,2016-02-23,21.510698318481445
AAPL,2016-02-24,21.831005096435547
AAPL,2016-02-25,21.98093605041504
AAPL,2016-02-26,22.0150146484375
AAPL,2016-02-29,21.965028762817383
AAPL,2016-03-01,22.837369918823242
AAPL,2016-03-02,22.887346267700195
AAPL,2016-03-03,23.05772590637207
AAPL,2016-03-04,23.4007511138916
AAPL,2016-03-07,23.141769409179688
AAPL,2016-03-08,22.950950622558594
AAPL,2016-03-09,22.971393585205078
AAPL,2016-03-10,22.982751846313477
AAPL,2016-03-11,23.230375289916992
AAPL,2016-03-14,23.28943634033203
AAPL,2016-03-15,23.757402420043945
AAPL,2016-03-16,24.073171615600586
AAPL,2016-03-17,24.0345516204834
AAPL,2016-03-18,24.061809539794922
AAPL,2016-03-21,24.059541702270508
AAPL,2016-03-22,24.243547439575195
AAPL,2016-03-23,24.109516143798828
AAPL,2016-03-24,24.005020141601562
AAPL,2016-03-28,23.895977020263672
AAPL,2016-03-29,24.46162986755371
AAPL,2016-03-30,24.888708114624023
AAPL,2016-03-31,24.759218215942383
AAPL,2016-04-01,24.986391067504883
AAPL,2016-04-04,25.243091583251953
AAPL,2016-04-05,24.94550132751465
AAPL,2016-04-06,25.206743240356445
AAPL,2016-04-07,24.656997680664062
AAPL,2016-04-08,24.68425750732422
AAPL,2016-04-11,24.766040802001953
AAPL,2016-04-12,25.088613510131836
AAPL,2016-04-13,25.452091217041016
AAPL,2016-04-14,25.46571159362793
AAPL,2016-04-15,24.954587936401367
AAPL,2016-04-18,24.416189193725586
AAPL,2016-04-19,24.28670883178711
AAPL,2016-04-20,24.33668327331543
AAPL,2016-04-21,24.073171615600586
AAPL,2016-04-22,24.007295608520508
AAPL,2016-04-25,23.870988845825195
AAPL,2016-04-26,23.70515251159668
AAPL,2016-04-27,22.22174072265625
AAPL,2016-04-28,21.54250144958496
AAPL,2016-04-29,21.294885635375977
AAPL,2016-05-02,21.272165298461914
AAPL,2016-05-03,21.622007369995117
AAPL,2016-05-04,21.397113800048828
AAPL,2016-05-05,21.31026268005371
AAPL,2016-05-06,21.1914119720459
AAPL,2016-05-09,21.207414627075195
AAPL,2016-05-10,21.351404190063477
AAPL,2016-05-11,21.14341926574707
AAPL,2016-05-12,20.647449493408203
AAPL,2016-05-13,20.68859100341797
AAPL,2016-05-16,21.456533432006836
AAPL,2016-05-17,21.367401123046875
AAPL,2016-05-18,21.6119441986084
AAPL,2016-05-19,21.5296688079834
AAPL,2016-05-20,21.762798309326172
AAPL,2016-05-23,22.03934669494629
AAPL,2016-05-24,22.375316619873047
AAPL,2016-05-25,22.768428802490234
AAPL,2016-05-26,22.948984146118164
AAPL,2016-05-27,22.935270309448242
AAPL,2016-05-31,22.823278427124023
AAPL,2016-06-01,22.503299713134766
AAPL,2016-06-02,22.334178924560547
AAPL,2016-06-03,22.379884719848633
AAPL,2016-06-06,22.54216194152832
AAPL,2016-06-07,22.633586883544922
AAPL,2016-06-08,22.61301612854004
AAPL,2016-06-09,22.775283813476562
AAPL,2016-06-10,22.587873458862305
AAPL,2016-06-13,22.247323989868164
AAPL,2016-06-14,22.274755477905273
AAPL,2016-06-15,22.201622009277344
AAPL,2016-06-16,22.295326232910156
AAPL,2016-06-17,21.787940979003906
AAPL,2016-06-20,21.735370635986328
AAPL,2016-06-21,21.920501708984375
AAPL,2016-06-22,21.838218688964844
AAPL,2016-06-23,21.963912963867188
AAPL,2016-06-24,21.346826553344727
AAPL,2016-06-27,21.036001205444336
AAPL,2016-06-28,21.390256881713867
AAPL,2016-06-29,21.57538414001465
AAPL,2016-06-30,21.849641799926758
AAPL,2016-07-01,21.915922164916992
AAPL,2016-07-05,21.710229873657227
AAPL,2016-07-06,21.833642959594727
AAPL,2016-07-07,21.927350997924805
AAPL,2016-07-08,22.096481323242188
AAPL,2016-07-11,22.16504669189453
AAPL,2016-07-12,22.265615463256836
AAPL,2016-07-13,22.139904022216797
AAPL,2016-07-14,22.578725814819336
AAPL,2016-07-15,22.576438903808594
AAPL,2016-07-18,22.816423416137695
AAPL,2016-07-19,22.82556915283203
AAPL,2016-07-20,22.84613609313965
AAPL,2016-07-21,22.72500228881836
AAPL,2016-07-22,22.54901695251465
AAPL,2016-07-25,22.247323989868164
AAPL,2016-07-26,22.094196319580078
AAPL,2016-07-27,23.529508590698242
AAPL,2016-07-28,23.847196578979492
AAPL,2016-07-29,23.81748390197754
AAPL,2016-08-01,24.238021850585938
AAPL,2016-08-02,23.879196166992188
AAPL,2016-08-03,24.178600311279297
AAPL,2016-08-04,24.327959060668945
AAPL,2016-08-05,24.697927474975586
AAPL,2016-08-08,24.902435302734375
AAPL,2016-08-09,25.003543853759766
AAPL,2016-08-10,24.817419052124023
AAPL,2016-08-11,24.801328659057617
AAPL,2016-08-12,24.858776092529297
AAPL,2016-08-15,25.15750503540039
AAPL,2016-08-16,25.13452911376953
AAPL,2016-08-17,25.097763061523438
AAPL,2016-08-18,25.065593719482422
AAPL,2016-08-19,25.12993049621582
AAPL,2016-08-22,24.934608459472656
AAPL,2016-08-23,25.01274299621582
AAPL,2016-08-24,24.82430648803711
AAPL,2016-08-25,24.71860122680664
AAPL,2016-08-26,24.573837280273438
AAPL,2016-08-29,24.5462589263916
AAPL,2016-08-30,24.35783576965332
AAPL,2016-08-31,24.380813598632812
AAPL,2016-09-01,24.525585174560547
AAPL,2016-09-02,24.755373001098633
AAPL,2016-09-06,24.748477935791016
AAPL,2016-09-07,24.90013313293457
AAPL,2016-09-08,24.247533798217773
AAPL,2016-09-09,23.698339462280273
AAPL,2016-09-12,24.229150772094727
AAPL,2016-09-13,24.805927276611328
AAPL,2016-09-14,25.68372917175293
AAPL,2016-09-15,26.556936264038086
AAPL,2016-09-16,26.40757179260254
AAPL,2016-09-19,26.099653244018555
AAPL,2016-09-20,26.097347259521484
AAPL,2016-09-21,26.092758178710938
AAPL,2016-09-22,26.338626861572266
AAPL,2016-09-23,25.899728775024414
AAPL,2016-09-26,25.93879508972168
AAPL,2016-09-27,25.987049102783203
AAPL,2016-09-28,26.18467140197754
AAPL,2016-09-29,25.777942657470703
AAPL,2016-09-30,25.977861404418945
AAPL,2016-10-03,25.856075286865234
AAPL,2016-10-04,25.96637535095215
AAPL,2016-10-05,25.977861404418945
AAPL,2016-10-06,26.170879364013672
AAPL,2016-10-07,26.209945678710938
AAPL,2016-10-10,26.667236328125
AAPL,2016-10-11,26.724687576293945
AAPL,2016-10-12,26.963665008544922
AAPL,2016-10-13,26.880939483642578
AAPL,2016-10-14,27.030302047729492
AAPL,2016-10-17,27.011917114257812
AAPL,2016-10-18,26.993534088134766
AAPL,2016-10-19,26.913116455078125
AAPL,2016-10-20,26.899324417114258
AAPL,2016-10-21,26.79362678527832
AAPL,2016-10-24,27.03489875793457
AAPL,2016-10-25,27.172773361206055
AAPL,2016-10-26,26.561525344848633
AAPL,2016-10-27,26.30646514892578
AAPL,2016-10-28,26.131818771362305
AAPL,2016-10-31,26.090456008911133
AAPL,2016-11-01,25.619382858276367
AAPL,2016-11-02,25.64236068725586
AAPL,2016-11-03,25.367517471313477
AAPL,2016-11-04,25.138851165771484
AAPL,2016-11-07,25.5014705657959
AAPL,2016-11-08,25.65160369873047
AAPL,2016-11-09,25.610034942626953
AAPL,2016-11-10,24.896333694458008
AAPL,2016-11-11,25.044157028198242
AAPL,2016-11-14,24.415910720825195
AAPL,2016-11-15,24.73927116394043
AAPL,2016-11-16,25.404462814331055
AAPL,2016-11-17,25.39522361755371
AAPL,2016-11-18,25.420637130737305
AAPL,2016-11-21,25.80635643005371
AAPL,2016-11-22,25.822526931762695
AAPL,2016-11-23,25.690872192382812
AAPL,2016-11-25,25.820215225219727
AAPL,2016-11-28,25.76940155029297
AAPL,2016-11-29,25.74399185180664
AAPL,2016-11-30,25.52687644958496
AAPL,2016-12-01,25.288976669311523
AAPL,2016-12-02,25.38368034362793
AAPL,2016-12-05,25.20121192932129
AAPL,2016-12-06,25.39522361755371
AAPL,2016-12-07,25.644683837890625
AAPL,2016-12-08,25.89643669128418
AAPL,2016-12-09,26.319108963012695
AAPL,2016-12-12,26.168977737426758
AAPL,2016-12-13,26.60551643371582
AAPL,2016-12-14,26.60551643371582
AAPL,2016-12-15,26.751026153564453
AAPL,2016-12-16,26.785673141479492
AAPL,2016-12-19,26.9404239654541
AAPL,2016-12-20,27.01201820373535
AAPL,2016-12-21,27.037431716918945
AAPL,2016-12-22,26.859580993652344
AAPL,2016-12-23,26.91270637512207
AAPL,2016-12-27,27.083627700805664
AAPL,2016-12-28,26.968141555786133
AAPL,2016-12-29,26.961210250854492
AAPL,2016-12-30,26.751026153564453
AAPL,2017-01-03,26.82724380493164
AAPL,2017-01-04,26.797218322753906
AAPL,2017-01-05,26.933486938476562
AAPL,2017-01-06,27.23375129699707
AAPL,2017-01-09,27.483205795288086
AAPL,2017-01-10,27.51091957092285
AAPL,2017-01-11,27.65873908996582
AAPL,2017-01-12,27.543256759643555
AAPL,2017-01-13,27.494749069213867
AAPL,2017-01-17,27.71648597717285
AAPL,2017-01-18,27.71417236328125
AAPL,2017-01-19,27.665668487548828
AAPL,2017-01-20,27.71648597717285
AAPL,2017-01-23,27.734962463378906
AAPL,2017-01-24,27.70956039428711
AAPL,2017-01-25,28.150712966918945
AAPL,2017-01-26,28.164566040039062
AAPL,2017-01-27,28.166873931884766
AAPL,2017-01-30,28.09296417236328
AAPL,2017-01-31,28.028297424316406
AAPL,2017-02-01,29.73747444152832
AAPL,2017-02-02,29.686664581298828
AAPL,2017-02-03,29.81369972229004
AAPL,2017-02-06,30.093170166015625
AAPL,2017-02-07,30.379579544067383
AAPL,2017-02-08,30.497371673583984
AAPL,2017-02-09,30.71774673461914
AAPL,2017-02-10,30.648157119750977
AAPL,2017-02-13,30.9195556640625
AAPL,2017-02-14,31.32087516784668
AAPL,2017-02-15,31.434537887573242
AAPL,2017-02-16,31.39742088317871
AAPL,2017-02-17,31.483240127563477
AAPL,2017-02-21,31.710580825805664
AAPL,2017-02-22,31.80569076538086
AAPL,2017-02-23,31.671140670776367
AAPL,2017-02-24,31.701303482055664
AAPL,2017-02-27,31.76392936706543
AAPL,2017-02-28,31.777854919433594
AAPL,2017-03-01,32.42737579345703
AAPL,2017-03-02,32.23484420776367
AAPL,2017-03-03,32.4250602722168
AAPL,2017-03-06,32.32299041748047
AAPL,2017-03-07,32.3647346496582
AAPL,2017-03-08,32.24412155151367
AAPL,2017-03-09,32.169883728027344
AAPL,2017-03-10,32.27659225463867
AAPL,2017-03-13,32.2905158996582
AAPL,2017-03-14,32.241798400878906
AAPL,2017-03-15,32.58279800415039
AAPL,2017-03-16,32.63614273071289
AAPL,2017-03-17,32.47377395629883
AAPL,2017-03-20,32.81477355957031
AAPL,2017-03-21,32.4389762878418
AAPL,2017-03-22,32.80548858642578
AAPL,2017-03-23,32.68949890136719
AAPL,2017-03-24,32.62456130981445
AAPL,2017-03-27,32.680213928222656
AAPL,2017-03-28,33.357582092285156
AAPL,2017-03-29,33.431819915771484
AAPL,2017-03-30,33.38774108886719
AAPL,2017-03-31,33.325096130371094
AAPL,2017-04-03,33.33438491821289
AAPL,2017-04-04,33.582603454589844
AAPL,2017-04-05,33.408626556396484
AAPL,2017-04-06,33.325096130371094
AAPL,2017-04-07,33.250877380371094
AAPL,2017-04-10,33.2114372253418
AAPL,2017-04-11,32.854217529296875
AAPL,2017-04-12,32.89364242553711
AAPL,2017-04-13,32.71967697143555
AAPL,2017-04-17,32.90060043334961
AAPL,2017-04-18,32.754459381103516
AAPL,2017-04-19,32.63383102416992
AAPL,2017-04-20,33.042118072509766
AAPL,2017-04-21,33.00267028808594
AAPL,2017-04-24,33.320457458496094
AAPL,2017-04-25,33.52692413330078
AAPL,2017-04-26,33.32975387573242
AAPL,2017-04-27,33.35526657104492
AAPL,2017-04-28,33.322784423828125
AAPL,2017-05-01,34.00247573852539
AAPL,2017-05-02,34.218196868896484
AAPL,2017-05-03,34.11381530761719
AAPL,2017-05-04,33.990875244140625
AAPL,2017-05-05,34.554569244384766
AAPL,2017-05-08,35.49405288696289
AAPL,2017-05-09,35.72139358520508
AAPL,2017-05-10,35.55204391479492
AAPL,2017-05-11,35.85951232910156
AAPL,2017-05-12,36.360313415527344
AAPL,2017-05-15,36.267127990722656
AAPL,2017-05-16,36.21355438232422
AAPL,2017-05-17,34.9976692199707
AAPL,2017-05-18,35.531063079833984
AAPL,2017-05-19,35.65219497680664
AAPL,2017-05-22,35.868839263916016
AAPL,2017-05-23,35.82456970214844
AAPL,2017-05-24,35.71742248535156
AAPL,2017-05-25,35.84086227416992
AAPL,2017-05-26,35.78031539916992
AAPL,2017-05-30,35.79428482055664
AAPL,2017-05-31,35.58232116699219
AAPL,2017-06-01,35.6801643371582
AAPL,2017-06-02,36.20890426635742
AAPL,2017-06-05,35.85485076904297
AAPL,2017-06-06,35.975975036621094
AAPL,2017-06-07,36.19027328491211
AAPL,2017-06-08,36.10176086425781
AAPL,2017-06-09,34.70184326171875
AAPL,2017-06-12,33.872615814208984
AAPL,2017-06-13,34.1451416015625
AAPL,2017-06-14,33.81206130981445
AAPL,2017-06-15,33.609405517578125
AAPL,2017-06-16,33.13888931274414
AAPL,2017-06-19,34.0869140625
AAPL,2017-06-20,33.777122497558594
AAPL,2017-06-21,33.97743225097656
AAPL,2017-06-22,33.92152786254883
AAPL,2017-06-23,34.07294464111328
AAPL,2017-06-26,33.965789794921875
AAPL,2017-06-27,33.47896957397461
AAPL,2017-06-28,33.968116760253906
AAPL,2017-06-29,33.46732711791992
AAPL,2017-06-30,33.5465202331543
AAPL,2017-07-03,33.42539978027344
AAPL,2017-07-05,33.56282043457031
AAPL,2017-07-06,33.24604034423828
AAPL,2017-07-07,33.583778381347656
AAPL,2017-07-10,33.78877258300781
AAPL,2017-07-11,33.89823913574219
AAPL,2017-07-12,33.9471549987793
AAPL,2017-07-13,34.42000198364258
AAPL,2017-07-14,34.7158203125
AAPL,2017-07-17,34.836952209472656
AAPL,2017-07-18,34.958065032958984
AAPL,2017-07-19,35.17702102661133
AAPL,2017-07-20,35.01863479614258
AAPL,2017-07-21,35.00232696533203
AAPL,2017-07-24,35.42626953125
AAPL,2017-07-25,35.57767105102539
AAPL,2017-07-26,35.74537658691406
AAPL,2017-07-27,35.069881439208984
AAPL,2017-07-28,34.822967529296875
AAPL,2017-07-31,34.64360809326172
AAPL,2017-08-01,34.951080322265625
AAPL,2017-08-02,36.6025505065918
AAPL,2017-08-03,36.23685836791992
AAPL,2017-08-04,36.427852630615234
AAPL,2017-08-07,36.99155044555664
AAPL,2017-08-08,37.287357330322266
AAPL,2017-08-09,37.515628814697266
AAPL,2017-08-10,36.3206901550293
AAPL,2017-08-11,36.82579803466797
AAPL,2017-08-14,37.3800048828125
AAPL,2017-08-15,37.78924560546875
AAPL,2017-08-16,37.63722610473633
AAPL,2017-08-17,36.9146614074707
AAPL,2017-08-18,36.830467224121094
AAPL,2017-08-21,36.762657165527344
AAPL,2017-08-22,37.36363220214844
AAPL,2017-08-23,37.410400390625
AAPL,2017-08-24,37.24437713623047
AAPL,2017-08-25,37.382347106933594
AAPL,2017-08-28,37.75883865356445
AAPL,2017-08-29,38.09557342529297
AAPL,2017-08-30,38.1984748840332
AAPL,2017-08-31,38.3504638671875
AAPL,2017-09-01,38.362159729003906
AAPL,2017-09-05,37.901485443115234
AAPL,2017-09-06,37.861724853515625
AAPL,2017-09-07,37.70973205566406
AAPL,2017-09-08,37.094722747802734
AAPL,2017-09-11,37.765846252441406
AAPL,2017-09-12,37.6161994934082
AAPL,2017-09-13,37.33324432373047
AAPL,2017-09-14,37.01286315917969
AAPL,2017-09-15,37.38702392578125
AAPL,2017-09-18,37.104068756103516
AAPL,2017-09-19,37.118099212646484
AAPL,2017-09-20,36.4960823059082
AAPL,2017-09-21,35.86937713623047
AAPL,2017-09-22,35.51860427856445
AAPL,2017-09-25,35.20524978637695
AAPL,2017-09-26,35.81090545654297
AAPL,2017-09-27,36.06580352783203
AAPL,2017-09-28,35.843658447265625
AAPL,2017-09-29,36.040077209472656
AAPL,2017-10-02,35.96759796142578
AAPL,2017-10-03,36.1242561340332
AAPL,2017-10-04,35.89042663574219
AAPL,2017-10-05,36.33707809448242
AAPL,2017-10-06,36.31601333618164
AAPL,2017-10-09,36.44228744506836
AAPL,2017-10-10,36.456321716308594
AAPL,2017-10-11,36.608314514160156
AAPL,2017-10-12,36.47969436645508
AAPL,2017-10-13,36.711212158203125
AAPL,2017-10-16,37.38702392578125
AAPL,2017-10-17,37.524986267089844
AAPL,2017-10-18,37.35896301269531
AAPL,2017-10-19,36.47502517700195
AAPL,2017-10-20,36.53818130493164
AAPL,2017-10-23,36.51945877075195
AAPL,2017-10-24,36.73693084716797
AAPL,2017-10-25,36.57558059692383
AAPL,2017-10-26,36.80942916870117
AAPL,2017-10-27,38.12831115722656
AAPL,2017-10-30,38.98652648925781
AAPL,2017-10-31,39.52903366088867
AAPL,2017-11-01,39.026268005371094
AAPL,2017-11-02,39.311561584472656
AAPL,2017-11-03,40.338138580322266
AAPL,2017-11-06,40.74737548828125
AAPL,2017-11-07,40.87831115722656
AAPL,2017-11-08,41.21272659301758
AAPL,2017-11-09,41.12853240966797
AAPL,2017-11-10,40.99241638183594
AAPL,2017-11-13,40.82814025878906
AAPL,2017-11-14,40.21091842651367
AAPL,2017-11-15,39.68052673339844
AAPL,2017-11-16,40.15458679199219
AAPL,2017-11-17,39.9316291809082
AAPL,2017-11-20,39.891727447509766
AAPL,2017-11-21,40.63335037231445
AAPL,2017-11-22,41.06047439575195
AAPL,2017-11-24,41.06282043457031
AAPL,2017-11-27,40.85628890991211
AAPL,2017-11-28,40.61692810058594
AAPL,2017-11-29,39.77440643310547
AAPL,2017-11-30,40.33059310913086
AAPL,2017-12-01,40.14284896850586
AAPL,2017-12-04,39.8494987487793
AAPL,2017-12-05,39.811954498291016
AAPL,2017-12-06,39.664100646972656
AAPL,2017-12-07,39.73685073852539
AAPL,2017-12-08,39.74857711791992
AAPL,2017-12-11,40.5230598449707
AAPL,2017-12-12,40.29539489746094
AAPL,2017-12-13,40.429161071777344
AAPL,2017-12-14,40.41743469238281
AAPL,2017-12-15,40.82814025878906
AAPL,2017-12-18,41.40311813354492
AAPL,2017-12-19,40.9619026184082
AAPL,2017-12-20,40.91731262207031
AAPL,2017-12-21,41.07220458984375
AAPL,2017-12-22,41.07220458984375
AAPL,2017-12-26,40.030208587646484
AAPL,2017-12-27,40.0372428894043
AAPL,2017-12-28,40.1498908996582
AAPL,2017-12-29,39.715736389160156
AAPL,2018-01-02,40.42681884765625
AAPL,2018-01-03,40.4197883605957
AAPL,2018-01-04,40.6075325012207
AAPL,2018-01-05,41.06985855102539
AAPL,2018-01-08,40.91731262207031
AAPL,2018-01-09,40.91262435913086
AAPL,2018-01-10,40.90323257446289
AAPL,2018-01-11,41.13557815551758
AAPL,2018-01-12,41.56035614013672
AAPL,2018-01-16,41.34913635253906
AAPL,2018-01-17,42.032081604003906
AAPL,2018-01-18,42.06962203979492
AAPL,2018-01-19,41.881858825683594
AAPL,2018-01-22,41.53923416137695
AAPL,2018-01-23,41.548622131347656
AAPL,2018-01-24,40.88680648803711
AAPL,2018-01-25,40.156944274902344
AAPL,2018-01-26,40.25080871582031
AAPL,2018-01-29,39.41769027709961
AAPL,2018-01-30,39.185340881347656
AAPL,2018-01-31,39.293296813964844
AAPL,2018-02-01,39.37543487548828
AAPL,2018-02-02,37.66691970825195
AAPL,2018-02-05,36.72584915161133
AAPL,2018-02-06,38.26068878173828
AAPL,2018-02-07,37.44162368774414
AAPL,2018-02-08,36.41136169433594
AAPL,2018-02-09,36.856727600097656
AAPL,2018-02-12,38.34126663208008
AAPL,2018-02-13,38.72536849975586
AAPL,2018-02-14,39.43935775756836
AAPL,2018-02-15,40.763671875
AAPL,2018-02-16,40.6317024230957
AAPL,2018-02-20,40.495033264160156
AAPL,2018-02-21,40.31123733520508
AAPL,2018-02-22,40.64820861816406
AAPL,2018-02-23,41.355133056640625
AAPL,2018-02-26,42.17279815673828
AAPL,2018-02-27,42.036128997802734
AAPL,2018-02-28,41.9725227355957
AAPL,2018-03-01,41.23731231689453
AAPL,2018-03-02,41.522438049316406
AAPL,2018-03-05,41.66617965698242
AAPL,2018-03-06,41.630828857421875
AAPL,2018-03-07,41.244380950927734
AAPL,2018-03-08,41.6944465637207
AAPL,2018-03-09,42.41081237792969
AAPL,2018-03-12,42.8208122253418
AAPL,2018-03-13,42.408443450927734
AAPL,2018-03-14,42.04792022705078
AAPL,2018-03-15,42.09740447998047
AAPL,2018-03-16,41.948951721191406
AAPL,2018-03-19,41.308006286621094
AAPL,2018-03-20,41.293861389160156
AAPL,2018-03-21,40.358360290527344
AAPL,2018-03-22,39.78811264038086
AAPL,2018-03-23,38.86674880981445
AAPL,2018-03-26,40.71183776855469
AAPL,2018-03-27,39.66793441772461
AAPL,2018-03-28,39.22964096069336
AAPL,2018-03-29,39.535980224609375
AAPL,2018-04-02,39.27676010131836
AAPL,2018-04-03,39.67972183227539
AAPL,2018-04-04,40.43849182128906
AAPL,2018-04-05,40.718894958496094
AAPL,2018-04-06,39.67735290527344
AAPL,2018-04-09,40.07087707519531
AAPL,2018-04-10,40.82493591308594
AAPL,2018-04-11,40.63406753540039
AAPL,2018-04-12,41.034664154052734
AAPL,2018-04-13,41.173683166503906
AAPL,2018-04-16,41.4305419921875
AAPL,2018-04-17,42.00080108642578
AAPL,2018-04-18,41.906524658203125
AAPL,2018-04-19,40.718894958496094
AAPL,2018-04-20,39.050559997558594
AAPL,2018-04-23,38.93744659423828
AAPL,2018-04-24,38.395469665527344
AAPL,2018-04-25,38.562774658203125
AAPL,2018-04-26,38.69709777832031
AAPL,2018-04-27,38.249366760253906
AAPL,2018-04-30,38.942161560058594
AAPL,2018-05-01,39.84703063964844
AAPL,2018-05-02,41.607269287109375
AAPL,2018-05-03,41.68267059326172
AAPL,2018-05-04,43.318023681640625
AAPL,2018-05-07,43.63142776489258
AAPL,2018-05-08,43.84115219116211
AAPL,2018-05-09,44.149837493896484
AAPL,2018-05-10,44.781349182128906
AAPL,2018-05-11,44.611045837402344
AAPL,2018-05-14,44.50696563720703
AAPL,2018-05-15,44.102455139160156
AAPL,2018-05-16,44.51405334472656
AAPL,2018-05-17,44.23255920410156
AAPL,2018-05-18,44.07170867919922
AAPL,2018-05-21,44.38395690917969
AAPL,2018-05-22,44.27277755737305
AAPL,2018-05-23,44.556640625
AAPL,2018-05-24,44.50696563720703
AAPL,2018-05-25,44.608680725097656
AAPL,2018-05-29,44.44782638549805
AAPL,2018-05-30,44.353206634521484
AAPL,2018-05-31,44.20417785644531
AAPL,2018-06-01,45.00135040283203
AAPL,2018-06-04,45.37747573852539
AAPL,2018-06-05,45.72756576538086
AAPL,2018-06-06,45.88604736328125
AAPL,2018-06-07,45.763038635253906
AAPL,2018-06-08,45.346717834472656
AAPL,2018-06-11,45.235538482666016
AAPL,2018-06-12,45.48391342163086
AAPL,2018-06-13,45.11016082763672
AAPL,2018-06-14,45.133819580078125
AAPL,2018-06-15,44.67018127441406
AAPL,2018-06-18,44.646522521972656
AAPL,2018-06-19,43.925045013427734
AAPL,2018-06-20,44.11665344238281
AAPL,2018-06-21,43.87063980102539
AAPL,2018-06-22,43.74291229248047
AAPL,2018-06-25,43.09239196777344
AAPL,2018-06-26,43.626991271972656
AAPL,2018-06-27,43.56312942504883
AAPL,2018-06-28,43.88011169433594
AAPL,2018-06-29,43.7878532409668
AAPL,2018-07-02,44.27750778198242
AAPL,2018-07-03,43.50635528564453
AAPL,2018-07-05,43.85645294189453
AAPL,2018-07-06,44.46438217163086
AAPL,2018-07-09,45.081783294677734
AAPL,2018-07-10,45.02737808227539
AAPL,2018-07-11,44.4431037902832
AAPL,2018-07-12,45.188232421875
AAPL,2018-07-13,45.25918960571289
AAPL,2018-07-16,45.159847259521484
AAPL,2018-07-17,45.28757858276367
AAPL,2018-07-18,45.0391960144043
AAPL,2018-07-19,45.389286041259766
AAPL,2018-07-20,45.285221099853516
AAPL,2018-07-23,45.32542419433594
AAPL,2018-07-24,45.65422821044922
AAPL,2018-07-25,46.08476257324219
AAPL,2018-07-26,45.94045639038086
AAPL,2018-07-27,45.17639923095703
AAPL,2018-07-30,44.92328643798828
AAPL,2018-07-31,45.01318359375
AAPL,2018-08-01,47.6649169921875
AAPL,2018-08-02,49.05818557739258
AAPL,2018-08-03,49.200130462646484
AAPL,2018-08-06,49.45560836791992
AAPL,2018-08-07,48.99196243286133
AAPL,2018-08-08,49.02507400512695
AAPL,2018-08-09,49.410648345947266
AAPL,2018-08-10,49.26348114013672
AAPL,2018-08-13,49.58156204223633
AAPL,2018-08-14,49.79045867919922
AAPL,2018-08-15,49.90678024291992
AAPL,2018-08-16,50.63788986206055
AAPL,2018-08-17,51.64915084838867
AAPL,2018-08-20,51.14590072631836
AAPL,2018-08-21,51.04619598388672
AAPL,2018-08-22,51.0485725402832
AAPL,2018-08-23,51.15301513671875
AAPL,2018-08-24,51.312068939208984
AAPL,2018-08-27,51.7346076965332
AAPL,2018-08-28,52.152400970458984
AAPL,2018-08-29,52.930999755859375
AAPL,2018-08-30,53.41762924194336
AAPL,2018-08-31,54.034812927246094
AAPL,2018-09-04,54.20810317993164
AAPL,2018-09-05,53.854408264160156
AAPL,2018-09-06,52.9594841003418
AAPL,2018-09-07,52.53219985961914
AAPL,2018-09-10,51.827186584472656
AAPL,2018-09-11,53.13752365112305
AAPL,2018-09-12,52.47759246826172
AAPL,2018-09-13,53.74521255493164
AAPL,2018-09-14,53.13514709472656
AAPL,2018-09-17,51.720367431640625
AAPL,2018-09-18,51.80582809448242
AAPL,2018-09-19,51.836673736572266
AAPL,2018-09-20,52.2307243347168
AAPL,2018-09-21,51.66814041137695
AAPL,2018-09-24,52.41114044189453
AAPL,2018-09-25,52.743473052978516
AAPL,2018-09-26,52.32331085205078
AAPL,2018-09-27,53.39863586425781
AAPL,2018-09-28,53.5861701965332
AAPL,2018-10-01,53.94697570800781
AAPL,2018-10-02,54.426490783691406
AAPL,2018-10-03,55.08879089355469
AAPL,2018-10-04,54.120269775390625
AAPL,2018-10-05,53.241966247558594
AAPL,2018-10-08,53.1185302734375
AAPL,2018-10-09,53.854408264160156
AAPL,2018-10-10,51.35954284667969
AAPL,2018-10-11,50.90614700317383
AAPL,2018-10-12,52.72446823120117
AAPL,2018-10-15,51.59693145751953
AAPL,2018-10-16,52.733978271484375
AAPL,2018-10-17,52.5060920715332
AAPL,2018-10-18,51.278839111328125
AAPL,2018-10-19,52.059814453125
AAPL,2018-10-22,52.377899169921875
AAPL,2018-10-23,52.87165451049805
AAPL,2018-10-24,51.05807113647461
AAPL,2018-10-25,52.17613220214844
AAPL,2018-10-26,51.34528732299805
AAPL,2018-10-29,50.381534576416016
AAPL,2018-10-30,50.633155822753906
AAPL,2018-10-31,51.9530029296875
AAPL,2018-11-01,52.75059127807617
AAPL,2018-11-02,49.25160217285156
AAPL,2018-11-05,47.85343551635742
AAPL,2018-11-06,48.370933532714844
AAPL,2018-11-07,49.83793640136719
AAPL,2018-11-08,49.66404724121094
AAPL,2018-11-09,48.706443786621094
AAPL,2018-11-12,46.25291061401367
AAPL,2018-11-13,45.79077911376953
AAPL,2018-11-14,44.497310638427734
AAPL,2018-11-15,45.595458984375
AAPL,2018-11-16,46.10044479370117
AAPL,2018-11-19,44.27338409423828
AAPL,2018-11-20,42.15809631347656
AAPL,2018-11-21,42.1104621887207
AAPL,2018-11-23,41.040897369384766
AAPL,2018-11-26,41.595924377441406
AAPL,2018-11-27,41.50541687011719
AAPL,2018-11-28,43.10140609741211
AAPL,2018-11-29,42.770301818847656
AAPL,2018-11-30,42.53923416137695
AAPL,2018-12-03,44.025665283203125
AAPL,2018-12-04,42.089027404785156
AAPL,2018-12-06,41.6197509765625
AAPL,2018-12-07,40.135711669921875
AAPL,2018-12-10,40.40012741088867
AAPL,2018-12-11,40.16907501220703
AAPL,2018-12-12,40.28102111816406
AAPL,2018-12-13,40.72170639038086
AAPL,2018-12-14,39.41870880126953
AAPL,2018-12-17,39.05186462402344
AAPL,2018-12-18,39.55925750732422
AAPL,2018-12-19,38.32533264160156
AAPL,2018-12-20,37.35820770263672
AAPL,2018-12-21,35.90513610839844
AAPL,2018-12-24,34.97612380981445
AAPL,2018-12-26,37.43920135498047
AAPL,2018-12-27,37.19621658325195
AAPL,2018-12-28,37.21528244018555
AAPL,2018-12-31,37.574974060058594
AAPL,2019-01-02,37.61784362792969
AAPL,2019-01-03,33.87083053588867
AAPL,2019-01-04,35.31675720214844
AAPL,2019-01-07,35.23814392089844
AAPL,2019-01-08,35.9099006652832
AAPL,2019-01-09,36.51971435546875
AAPL,2019-01-10,36.636444091796875
AAPL,2019-01-11,36.2767448425293
AAPL,2019-01-14,35.73124694824219
AAPL,2019-01-15,36.462547302246094
AAPL,2019-01-16,36.90799331665039
AAPL,2019-01-17,37.12714767456055
AAPL,2019-01-18,37.35582733154297
AAPL,2019-01-22,36.51732635498047
AAPL,2019-01-23,36.66501998901367
AAPL,2019-01-24,36.37439727783203
AAPL,2019-01-25,37.57973098754883
AAPL,2019-01-28,37.231956481933594
AAPL,2019-01-29,36.8460578918457
AAPL,2019-01-30,39.363914489746094
AAPL,2019-01-31,39.64738464355469
AAPL,2019-02-01,39.666446685791016
AAPL,2019-02-04,40.79316711425781
AAPL,2019-02-05,41.49112319946289
AAPL,2019-02-06,41.50541687011719
AAPL,2019-02-07,40.719322204589844
AAPL,2019-02-08,40.76716995239258
AAPL,2019-02-11,40.532718658447266
AAPL,2019-02-12,40.88200378417969
AAPL,2019-02-13,40.712135314941406
AAPL,2019-02-14,40.860469818115234
AAPL,2019-02-15,40.769569396972656
AAPL,2019-02-19,40.89157485961914
AAPL,2019-02-20,41.15471649169922
AAPL,2019-02-21,40.922664642333984
AAPL,2019-02-22,41.37960433959961
AAPL,2019-02-25,41.68102264404297
AAPL,2019-02-26,41.7049560546875
AAPL,2019-02-27,41.83412551879883
AAPL,2019-02-28,41.42265701293945
AAPL,2019-03-01,41.858062744140625
AAPL,2019-03-04,42.06858825683594
AAPL,2019-03-05,41.992027282714844
AAPL,2019-03-06,41.750404357910156
AAPL,2019-03-07,41.26715850830078
AAPL,2019-03-08,41.36525344848633
AAPL,2019-03-11,42.79822540283203
AAPL,2019-03-12,43.279090881347656
AAPL,2019-03-13,43.47046661376953
AAPL,2019-03-14,43.95370864868164
AAPL,2019-03-15,44.52546691894531
AAPL,2019-03-18,44.98001480102539
AAPL,2019-03-19,44.62355422973633
AAPL,2019-03-20,45.013511657714844
AAPL,2019-03-21,46.67137145996094
AAPL,2019-03-22,45.70487976074219
AAPL,2019-03-25,45.15226364135742
AAPL,2019-03-26,44.685752868652344
AAPL,2019-03-27,45.08766174316406
AAPL,2019-03-28,45.1474723815918
AAPL,2019-03-29,45.44172286987305
AAPL,2019-04-01,45.75032424926758
AAPL,2019-04-02,46.41539001464844
AAPL,2019-04-03,46.73357009887695
AAPL,2019-04-04,46.81491470336914
AAPL,2019-04-05,47.1282958984375
AAPL,2019-04-08,47.869911193847656
AAPL,2019-04-09,47.72636795043945
AAPL,2019-04-10,47.99429702758789
AAPL,2019-04-11,47.594791412353516
AAPL,2019-04-12,47.57564926147461
AAPL,2019-04-15,47.661773681640625
AAPL,2019-04-16,47.66656494140625
AAPL,2019-04-17,48.59477233886719
AAPL,2019-04-18,48.7694091796875
AAPL,2019-04-22,48.9296989440918
AAPL,2019-04-23,49.63542938232422
AAPL,2019-04-24,49.55887222290039
AAPL,2019-04-25,49.10911178588867
AAPL,2019-04-26,48.87467956542969
AAPL,2019-04-29,48.9488410949707
AAPL,2019-04-30,48.00627517700195
AAPL,2019-05-01,50.36267852783203
AAPL,2019-05-02,50.03493881225586
AAPL,2019-05-03,50.65693283081055
AAPL,2019-05-06,49.87466049194336
AAPL,2019-05-07,48.530181884765625
AAPL,2019-05-08,48.53974151611328
AAPL,2019-05-09,48.01822280883789
AAPL,2019-05-10,47.35301208496094
AAPL,2019-05-13,44.60088348388672
AAPL,2019-05-14,45.30692672729492
AAPL,2019-05-15,45.84966278076172
AAPL,2019-05-16,45.6479377746582
AAPL,2019-05-17,45.388580322265625
AAPL,2019-05-20,43.96928405761719
AAPL,2019-05-21,44.81220626831055
AAPL,2019-05-22,43.894832611083984
AAPL,2019-05-23,43.14556884765625
AAPL,2019-05-24,42.979854583740234
AAPL,2019-05-28,42.802146911621094
AAPL,2019-05-29,42.598018646240234
AAPL,2019-05-30,42.81895065307617
AAPL,2019-05-31,42.04326629638672
AAPL,2019-06-03,41.61820602416992
AAPL,2019-06-04,43.14076614379883
AAPL,2019-06-05,43.83720397949219
AAPL,2019-06-06,44.48080062866211
AAPL,2019-06-07,45.66474151611328
AAPL,2019-06-10,46.24831008911133
AAPL,2019-06-11,46.783851623535156
AAPL,2019-06-12,46.63495635986328
AAPL,2019-06-13,46.62535095214844
AAPL,2019-06-14,46.286746978759766
AAPL,2019-06-17,46.56291198730469
AAPL,2019-06-18,47.657997131347656
AAPL,2019-06-19,47.518714904785156
AAPL,2019-06-20,47.900550842285156
AAPL,2019-06-21,47.73724365234375
AAPL,2019-06-24,47.6892204284668
AAPL,2019-06-25,46.966373443603516
AAPL,2019-06-26,47.98221206665039
AAPL,2019-06-27,47.967803955078125
AAPL,2019-06-28,47.530731201171875
AAPL,2019-07-01,48.4024772644043
AAPL,2019-07-02,48.68584442138672
AAPL,2019-07-03,49.08929443359375
AAPL,2019-07-05,49.04607009887695
AAPL,2019-07-08,48.03504943847656
AAPL,2019-07-09,48.3280143737793
AAPL,2019-07-10,48.80592727661133
AAPL,2019-07-11,48.45050048828125
AAPL,2019-07-12,48.82274627685547
AAPL,2019-07-15,49.28142547607422
AAPL,2019-07-16,49.110904693603516
AAPL,2019-07-17,48.83473587036133
AAPL,2019-07-18,49.389495849609375
AAPL,2019-07-19,48.6522216796875
AAPL,2019-07-22,49.76413345336914
AAPL,2019-07-23,50.153167724609375
AAPL,2019-07-24,50.11234664916992
AAPL,2019-07-25,49.716102600097656
AAPL,2019-07-26,49.88901138305664
AAPL,2019-07-29,50.354896545410156
AAPL,2019-07-30,50.13875198364258
AAPL,2019-07-31,51.161808013916016
AAPL,2019-08-01,50.054710388183594
AAPL,2019-08-02,48.99563980102539
AAPL,2019-08-05,46.43082809448242
AAPL,2019-08-06,47.30978775024414
AAPL,2019-08-07,47.79969024658203
AAPL,2019-08-08,48.853946685791016
AAPL,2019-08-09,48.45138931274414
AAPL,2019-08-12,48.32844161987305
AAPL,2019-08-13,50.37506103515625
AAPL,2019-08-14,48.875648498535156
AAPL,2019-08-15,48.63217544555664
AAPL,2019-08-16,49.77963638305664
AAPL,2019-08-19,50.70774459838867
AAPL,2019-08-20,50.710140228271484
AAPL,2019-08-21,51.2597770690918
AAPL,2019-08-22,51.216373443603516
AAPL,2019-08-23,48.84914016723633
AAPL,2019-08-26,49.77723693847656
AAPL,2019-08-27,49.21556091308594
AAPL,2019-08-28,49.54580307006836
AAPL,2019-08-29,50.384700775146484
AAPL,2019-08-30,50.31962585449219
AAPL,2019-09-03,49.586788177490234
AAPL,2019-09-04,50.42810821533203
AAPL,2019-09-05,51.41405487060547
AAPL,2019-09-06,51.40923309326172
AAPL,2019-09-09,51.62858963012695
AAPL,2019-09-10,52.23847961425781
AAPL,2019-09-11,53.89942932128906
AAPL,2019-09-12,53.77888870239258
AAPL,2019-09-13,52.73267364501953
AAPL,2019-09-16,53.009891510009766
AAPL,2019-09-17,53.20275115966797
AAPL,2019-09-18,53.701751708984375
AAPL,2019-09-19,53.26542282104492
AAPL,2019-09-20,52.48678970336914
AAPL,2019-09-23,52.72544479370117
AAPL,2019-09-24,52.4747428894043
AAPL,2019-09-25,53.282283782958984
AAPL,2019-09-26,53.007484436035156
AAPL,2019-09-27,52.74954605102539
AAPL,2019-09-30,53.991024017333984
AAPL,2019-10-01,54.140472412109375
AAPL,2019-10-02,52.78329086303711
AAPL,2019-10-03,53.2316780090332
AAPL,2019-10-04,54.72385787963867
AAPL,2019-10-07,54.73590087890625
AAPL,2019-10-08,54.09468078613281
AAPL,2019-10-09,54.728675842285156
AAPL,2019-10-10,55.46632766723633
AAPL,2019-10-11,56.94163513183594
AAPL,2019-10-14,56.85967254638672
AAPL,2019-10-15,56.72710037231445
AAPL,2019-10-16,56.49808120727539
AAPL,2019-10-17,56.71745300292969
AAPL,2019-10-18,56.9898567199707
AAPL,2019-10-21,57.978214263916016
AAPL,2019-10-22,57.84563446044922
AAPL,2019-10-23,58.621856689453125
AAPL,2019-10-24,58.718284606933594
AAPL,2019-10-25,59.44147491455078
AAPL,2019-10-28,60.036903381347656
AAPL,2019-10-29,58.64836883544922
AAPL,2019-10-30,58.641143798828125
AAPL,2019-10-31,59.96698760986328
AAPL,2019-11-01,61.66890335083008
AAPL,2019-11-04,62.07389831542969
AAPL,2019-11-05,61.98468780517578
AAPL,2019-11-06,62.01122283935547
AAPL,2019-11-07,62.72689437866211
AAPL,2019-11-08,62.898582458496094
AAPL,2019-11-11,63.39664077758789
AAPL,2019-11-12,63.3386116027832
AAPL,2019-11-13,63.94550323486328
AAPL,2019-11-14,63.5030403137207
AAPL,2019-11-15,64.2574234008789
AAPL,2019-11-18,64.5813980102539
AAPL,2019-11-19,64.38555145263672
AAPL,2019-11-20,63.636024475097656
AAPL,2019-11-21,63.350711822509766
AAPL,2019-11-22,63.29511642456055
AAPL,2019-11-25,64.40489196777344
AAPL,2019-11-26,63.90198516845703
AAPL,2019-11-27,64.76031494140625
AAPL,2019-11-29,64.61766052246094
AAPL,2019-12-02,63.87057113647461
AAPL,2019-12-03,62.73173141479492
AAPL,2019-12-04,63.2854118347168
AAPL,2019-12-05,64.21388244628906
AAPL,2019-12-06,65.45426177978516
AAPL,2019-12-09,64.53789520263672
AAPL,2019-12-10,64.91506958007812
AAPL,2019-12-11,65.4687728881836
AAPL,2019-12-12,65.63560485839844
AAPL,2019-12-13,66.52779388427734
AAPL,2019-12-16,67.66661834716797
AAPL,2019-12-17,67.79959106445312
AAPL,2019-12-18,67.6375961303711
AAPL,2019-12-19,67.7052993774414
AAPL,2019-12-20,67.5650863647461
AAPL,2019-12-23,68.6676254272461
AAPL,2019-12-24,68.73290252685547
AAPL,2019-12-26,70.09659576416016
AAPL,2019-12-27,70.06997680664062
AAPL,2019-12-30,70.48584747314453
AAPL,2019-12-31,71.00086212158203
AAPL,2020-01-02,72.62084197998047
AAPL,2020-01-03,71.9148178100586
AAPL,2020-01-06,72.48784637451172
AAPL,2020-01-07,72.14691925048828
AAPL,2020-01-08,73.30752563476562
AAPL,2020-01-09,74.86460876464844
AAPL,2020-01-10,75.03386688232422
AAPL,2020-01-13,76.63691711425781
AAPL,2020-01-14,75.60206604003906
AAPL,2020-01-15,75.27806854248047
AAPL,2020-01-16,76.22103118896484
AAPL,2020-01-17,77.06489562988281
AAPL,2020-01-21,76.54263305664062
AAPL,2020-01-22,76.81584167480469
AAPL,2020-01-23,77.18580627441406
AAPL,2020-01-24,76.9633560180664
AAPL,2020-01-27,74.70021057128906
AAPL,2020-01-28,76.81343841552734
AAPL,2020-01-29,78.42131805419922
AAPL,2020-01-30,78.30769348144531
AAPL,2020-01-31,74.83560180664062
AAPL,2020-02-03,74.6301040649414
AAPL,2020-02-04,77.09391021728516
AAPL,2020-02-05,77.72256469726562
AAPL,2020-02-06,78.63167572021484
AAPL,2020-02-07,77.56285858154297
AAPL,2020-02-10,77.93122863769531
AAPL,2020-02-11,77.46107482910156
AAPL,2020-02-12,79.30058288574219
AAPL,2020-02-13,78.73587799072266
AAPL,2020-02-14,78.75529479980469
AAPL,2020-02-18,77.31321716308594
AAPL,2020-02-19,78.43293762207031
AAPL,2020-02-20,77.6282730102539
AAPL,2020-02-21,75.87117767333984
AAPL,2020-02-24,72.26726531982422
AAPL,2020-02-25,69.81940460205078
AAPL,2020-02-26,70.927001953125
AAPL,2020-02-27,66.29061889648438
AAPL,2020-02-28,66.25186920166016
AAPL,2020-03-02,72.4199447631836
AAPL,2020-03-03,70.11996459960938
AAPL,2020-03-04,73.37242889404297
AAPL,2020-03-05,70.99244689941406
AAPL,2020-03-06,70.0496597290039
AAPL,2020-03-09,64.50927734375
AAPL,2020-03-10,69.15533447265625
AAPL,2020-03-11,66.75354766845703
AAPL,2020-03-12,60.161319732666016
AAPL,2020-03-13,67.3691635131836
AAPL,2020-03-16,58.702308654785156
AAPL,2020-03-17,61.283447265625
AAPL,2020-03-18,59.78322982788086
AAPL,2020-03-19,59.325172424316406
AAPL,2020-03-20,55.55888366699219
AAPL,2020-03-23,54.37858200073242
AAPL,2020-03-24,59.83414077758789
AAPL,2020-03-25,59.504520416259766
AAPL,2020-03-26,62.635826110839844
AAPL,2020-03-27,60.042572021484375
AAPL,2020-03-30,61.75605773925781
AAPL,2020-03-31,61.63002014160156
AAPL,2020-04-01,58.387245178222656
AAPL,2020-04-02,59.36151885986328
AAPL,2020-04-03,58.5084228515625
AAPL,2020-04-06,63.6125373840332
AAPL,2020-04-07,62.875762939453125
AAPL,2020-04-08,64.48503875732422
AAPL,2020-04-09,64.95038604736328
AAPL,2020-04-13,66.22520446777344
AAPL,2020-04-14,69.56977081298828
AAPL,2020-04-15,68.9347915649414
AAPL,2020-04-16,69.4825439453125
AAPL,2020-04-17,68.53975677490234
AAPL,2020-04-20,67.11707305908203
AAPL,2020-04-21,65.0424575805664
AAPL,2020-04-22,66.91593933105469
AAPL,2020-04-23,66.6566162109375
AAPL,2020-04-24,68.5809555053711
AAPL,2020-04-27,68.6294174194336
AAPL,2020-04-28,67.51698303222656
AAPL,2020-04-29,69.73458862304688
AAPL,2020-04-30,71.2057113647461
AAPL,2020-05-01,70.0593490600586
AAPL,2020-05-04,71.05060577392578
AAPL,2020-05-05,72.11698913574219
AAPL,2020-05-06,72.86103057861328
AAPL,2020-05-07,73.61479949951172
AAPL,2020-05-08,75.36695861816406
AAPL,2020-05-11,76.55287170410156
AAPL,2020-05-12,75.67800903320312
AAPL,2020-05-13,74.76425170898438
AAPL,2020-05-14,75.22355651855469
AAPL,2020-05-15,74.7788314819336
AAPL,2020-05-18,76.54073333740234
AAPL,2020-05-19,76.09843444824219
AAPL,2020-05-20,77.57841491699219
AAPL,2020-05-21,77.00003051757812
AAPL,2020-05-22,77.49578857421875
AAPL,2020-05-26,76.97087097167969
AAPL,2020-05-27,77.30622863769531
AAPL,2020-05-28,77.3402328491211
AAPL,2020-05-29,77.26492309570312
AAPL,2020-06-01,78.21511840820312
AAPL,2020-06-02,78.57720947265625
AAPL,2020-06-03,79.0097885131836
AAPL,2020-06-04,78.32930755615234
AAPL,2020-06-05,80.56021881103516
AAPL,2020-06-08,81.03654479980469
AAPL,2020-06-09,83.59551239013672
AAPL,2020-06-10,85.74620819091797
AAPL,2020-06-11,81.6294937133789
AAPL,2020-06-12,82.3342514038086
AAPL,2020-06-15,83.35250091552734
AAPL,2020-06-16,85.56151580810547
AAPL,2020-06-17,85.44244384765625
AAPL,2020-06-18,85.47647094726562
AAPL,2020-06-19,84.98800659179688
AAPL,2020-06-22,87.21161651611328
AAPL,2020-06-23,89.07312774658203
AAPL,2020-06-24,87.50078582763672
AAPL,2020-06-25,88.66240692138672
AAPL,2020-06-26,85.93820190429688
AAPL,2020-06-29,87.91878509521484
AAPL,2020-06-30,88.6526870727539
AAPL,2020-07-01,88.48500061035156
AAPL,2020-07-02,88.48500061035156
AAPL,2020-07-06,90.85200500488281
AAPL,2020-07-07,90.57011413574219
AAPL,2020-07-08,92.67949676513672
AAPL,2020-07-09,93.07804870605469
AAPL,2020-07-10,93.2408676147461
AAPL,2020-07-13,92.81073760986328
AAPL,2020-07-14,94.34661102294922
AAPL,2020-07-15,94.99544525146484
AAPL,2020-07-16,93.82654571533203
AAPL,2020-07-17,93.63699340820312
AAPL,2020-07-20,95.61028289794922
AAPL,2020-07-21,94.29070281982422
AAPL,2020-07-22,94.55558013916016
AAPL,2020-07-23,90.25175476074219
AAPL,2020-07-24,90.02816009521484
AAPL,2020-07-27,92.16185760498047
AAPL,2020-07-28,90.64788055419922
AAPL,2020-07-29,92.38544464111328
AAPL,2020-07-30,93.50332641601562
AAPL,2020-07-31,103.29206848144531
AAPL,2020-08-03,105.894775390625
AAPL,2020-08-04,106.60194396972656
AAPL,2020-08-05,106.98832702636719
AAPL,2020-08-06,110.72110748291016
AAPL,2020-08-07,108.20378112792969
AAPL,2020-08-10,109.77648162841797
AAPL,2020-08-11,106.51176452636719
AAPL,2020-08-12,110.05159759521484
AAPL,2020-08-13,111.9992446899414
AAPL,2020-08-14,111.89942169189453
AAPL,2020-08-17,111.60729217529297
AAPL,2020-08-18,112.53726196289062
AAPL,2020-08-19,112.678466796875
AAPL,2020-08-20,115.17877197265625
AAPL,2020-08-21,121.11421203613281
AAPL,2020-08-24,122.5627670288086
AAPL,2020-08-25,121.55728912353516
AAPL,2020-08-26,123.2103500366211
AAPL,2020-08-27,121.73745727539062
AAPL,2020-08-28,121.54026794433594
AAPL,2020-08-31,125.66195678710938
AAPL,2020-09-01,130.66738891601562
AAPL,2020-09-02,127.96017456054688
AAPL,2020-09-03,117.71556091308594
AAPL,2020-09-04,117.79346466064453
AAPL,2020-09-08,109.86656188964844
AAPL,2020-09-09,114.2487564086914
AAPL,2020-09-10,110.51904296875
AAPL,2020-09-11,109.06803131103516
AAPL,2020-09-14,112.34007263183594
AAPL,2020-09-15,112.51536560058594
AAPL,2020-09-16,109.19461822509766
AAPL,2020-09-17,107.45147705078125
AAPL,2020-09-18,104.04309844970703
AAPL,2020-09-21,107.19830322265625
AAPL,2020-09-22,108.88298797607422
AAPL,2020-09-23,104.31578063964844
AAPL,2020-09-24,105.38699340820312
AAPL,2020-09-25,109.3406982421875
AAPL,2020-09-28,111.95053100585938
AAPL,2020-09-29,111.10332489013672
AAPL,2020-09-30,112.77828216552734
AAPL,2020-10-01,113.73265075683594
AAPL,2020-10-02,110.06134033203125
AAPL,2020-10-05,113.45024108886719
AAPL,2020-10-06,110.19766998291016
AAPL,2020-10-07,112.06741333007812
AAPL,2020-10-08,111.96028900146484
AAPL,2020-10-09,113.90792846679688
AAPL,2020-10-12,121.1434326171875
AAPL,2020-10-13,117.92981719970703
AAPL,2020-10-14,118.0174560546875
AAPL,2020-10-15,117.55001068115234
AAPL,2020-10-16,115.90424346923828
AAPL,2020-10-19,112.94386291503906
AAPL,2020-10-20,114.43380737304688
AAPL,2020-10-21,113.810546875
AAPL,2020-10-22,112.71985626220703
AAPL,2020-10-23,112.0284652709961
AAPL,2020-10-26,112.03819274902344
AAPL,2020-10-27,113.5476303100586
AAPL,2020-10-28,108.28897857666016
AAPL,2020-10-29,112.3011245727539
AAPL,2020-10-30,106.01024627685547
AAPL,2020-11-02,105.92259979248047
AAPL,2020-11-03,107.54887390136719
AAPL,2020-11-04,111.9407958984375
AAPL,2020-11-05,115.91400146484375
AAPL,2020-11-06,115.78233337402344
AAPL,2020-11-09,113.47038269042969
AAPL,2020-11-10,113.12894439697266
AAPL,2020-11-11,116.56270599365234
AAPL,2020-11-12,116.2895736694336
AAPL,2020-11-13,116.33834838867188
AAPL,2020-11-16,117.35285949707031
AAPL,2020-11-17,116.46515655517578
AAPL,2020-11-18,115.13848114013672
AAPL,2020-11-19,115.73352813720703
AAPL,2020-11-20,114.46537780761719
AAPL,2020-11-23,111.06088256835938
AAPL,2020-11-24,112.34854888916016
AAPL,2020-11-25,113.18749237060547
AAPL,2020-11-27,113.73374938964844
AAPL,2020-11-30,116.13349151611328
AAPL,2020-12-01,119.71358489990234
AAPL,2020-12-02,120.06477355957031
AAPL,2020-12-03,119.92819213867188
AAPL,2020-12-04,119.25508880615234
AAPL,2020-12-07,120.71833801269531
AAPL,2020-12-08,121.33292388916016
AAPL,2020-12-09,118.7966079711914
AAPL,2020-12-10,120.22084045410156
AAPL,2020-12-11,119.41118621826172
AAPL,2020-12-14,118.7966079711914
AAPL,2020-12-15,124.7471694946289
AAPL,2020-12-16,124.67887878417969
AAPL,2020-12-17,125.54708099365234
AAPL,2020-12-18,123.55706787109375
AAPL,2020-12-21,125.08860778808594
AAPL,2020-12-22,128.64918518066406
AAPL,2020-12-23,127.75170135498047
AAPL,2020-12-24,128.73699951171875
AAPL,2020-12-28,133.34130859375
AAPL,2020-12-29,131.56590270996094
AAPL,2020-12-30,130.444091796875
AAPL,2020-12-31,129.43930053710938
AAPL,2021-01-04,126.23970031738281
AAPL,2021-01-05,127.80048370361328
AAPL,2021-01-06,123.49851989746094
AAPL,2021-01-07,127.71269226074219
AAPL,2021-01-08,128.8150177001953
AAPL,2021-01-11,125.82022094726562
AAPL,2021-01-12,125.64464569091797
AAPL,2021-01-13,127.68345642089844
AAPL,2021-01-14,125.751953125
AAPL,2021-01-15,124.0252914428711
AAPL,2021-01-19,124.69839477539062
AAPL,2021-01-20,128.79550170898438
AAPL,2021-01-21,133.51695251464844
AAPL,2021-01-22,135.66302490234375
AAPL,2021-01-25,139.4187469482422
AAPL,2021-01-26,139.65281677246094
AAPL,2021-01-27,138.5797882080078
AAPL,2021-01-28,133.7315673828125
AAPL,2021-01-29,128.72723388671875
AAPL,2021-02-01,130.85382080078125
AAPL,2021-02-02,131.68299865722656
AAPL,2021-02-03,130.65869140625
AAPL,2021-02-04,134.02420043945312
AAPL,2021-02-05,133.60899353027344
AAPL,2021-02-08,133.75552368164062
AAPL,2021-02-09,132.87625122070312
AAPL,2021-02-10,132.2705841064453
AAPL,2021-02-11,132.01658630371094
AAPL,2021-02-12,132.25099182128906
AAPL,2021-02-16,130.12124633789062
AAPL,2021-02-17,127.82542419433594
AAPL,2021-02-18,126.72144317626953
AAPL,2021-02-19,126.87772369384766
AAPL,2021-02-22,123.09690856933594
AAPL,2021-02-23,122.96013641357422
AAPL,2021-02-24,122.46187591552734
AAPL,2021-02-25,118.20232391357422
AAPL,2021-02-26,118.46612548828125
AAPL,2021-03-01,124.84565734863281
AAPL,2021-03-02,122.23717498779297
AAPL,2021-03-03,119.24767303466797
AAPL,2021-03-04,117.36214447021484
AAPL,2021-03-05,118.62242889404297
AAPL,2021-03-08,113.67901611328125
AAPL,2021-03-09,118.3000259399414
AAPL,2021-03-10,117.21562194824219
AAPL,2021-03-11,119.14998626708984
AAPL,2021-03-12,118.24140930175781
AAPL,2021-03-15,121.1332015991211
AAPL,2021-03-16,122.67681121826172
AAPL,2021-03-17,121.88546752929688
AAPL,2021-03-18,117.7529296875
AAPL,2021-03-19,117.22537231445312
AAPL,2021-03-22,120.54703521728516
AAPL,2021-03-23,119.71662139892578
AAPL,2021-03-24,117.32306671142578
AAPL,2021-03-25,117.81155395507812
AAPL,2021-03-26,118.4172592163086
AAPL,2021-03-29,118.59310913085938
AAPL,2021-03-30,117.137451171875
AAPL,2021-03-31,119.33562469482422
AAPL,2021-04-01,120.16600799560547
AAPL,2021-04-05,122.99921417236328
AAPL,2021-04-06,123.30205535888672
AAPL,2021-04-07,124.95310974121094
AAPL,2021-04-08,127.3564682006836
AAPL,2021-04-09,129.93560791015625
AAPL,2021-04-12,128.21620178222656
AAPL,2021-04-13,131.33267211914062
AAPL,2021-04-14,128.98797607421875
AAPL,2021-04-15,131.40106201171875
AAPL,2021-04-16,131.06887817382812
AAPL,2021-04-19,131.73321533203125
AAPL,2021-04-20,130.04307556152344
AAPL,2021-04-21,130.42410278320312
AAPL,2021-04-22,128.9000244140625
AAPL,2021-04-23,131.2252197265625
AAPL,2021-04-26,131.6160125732422
AAPL,2021-04-27,131.29359436035156
AAPL,2021-04-28,130.50221252441406
AAPL,2021-04-29,130.40455627441406
AAPL,2021-04-30,128.4311065673828
AAPL,2021-05-03,129.4862060546875
AAPL,2021-05-04,124.90425872802734
AAPL,2021-05-05,125.14850616455078
AAPL,2021-05-06,126.75074005126953
AAPL,2021-05-07,127.42597198486328
AAPL,2021-05-10,124.13780975341797
AAPL,2021-05-11,123.21792602539062
AAPL,2021-05-12,120.1450424194336
AAPL,2021-05-13,122.2979965209961
AAPL,2021-05-14,124.7249755859375
AAPL,2021-05-17,123.5702133178711
AAPL,2021-05-18,122.1805648803711
AAPL,2021-05-19,122.02400207519531
AAPL,2021-05-20,124.58798217773438
AAPL,2021-05-21,122.7481689453125
AAPL,2021-05-24,124.3824691772461
AAPL,2021-05-25,124.1867446899414
AAPL,2021-05-26,124.13780975341797
AAPL,2021-05-27,122.60137939453125
AAPL,2021-05-28,121.94571685791016
AAPL,2021-06-01,121.62277221679688
AAPL,2021-06-02,122.38607788085938
AAPL,2021-06-03,120.89857482910156
AAPL,2021-06-04,123.19833374023438
AAPL,2021-06-07,123.20813751220703
AAPL,2021-06-08,124.03015899658203
AAPL,2021-06-09,124.41181945800781
AAPL,2021-06-10,123.41365051269531
AAPL,2021-06-11,124.62711334228516
AAPL,2021-06-14,127.69020080566406
AAPL,2021-06-15,126.8681640625
AAPL,2021-06-16,127.36727905273438
AAPL,2021-06-17,128.97218322753906
AAPL,2021-06-18,127.670654296875
AAPL,2021-06-21,129.47129821777344
AAPL,2021-06-22,131.11537170410156
AAPL,2021-06-23,130.8413543701172
AAPL,2021-06-24,130.5575714111328
AAPL,2021-06-25,130.2639617919922
AAPL,2021-06-28,131.89825439453125
AAPL,2021-06-29,133.41513061523438
AAPL,2021-06-30,134.03164672851562
AAPL,2021-07-01,134.3350372314453
AAPL,2021-07-02,136.96749877929688
AAPL,2021-07-06,138.98342895507812
AAPL,2021-07-07,141.4789581298828
AAPL,2021-07-08,140.1773681640625
AAPL,2021-07-09,142.0074005126953
AAPL,2021-07-12,141.4104766845703
AAPL,2021-07-13,142.52603149414062
AAPL,2021-07-14,145.9610137939453
AAPL,2021-07-15,145.30532836914062
AAPL,2021-07-16,143.26004028320312
AAPL,2021-07-19,139.40428161621094
AAPL,2021-07-20,143.02516174316406
AAPL,2021-07-21,142.2912139892578
AAPL,2021-07-22,143.66128540039062
AAPL,2021-07-23,145.38363647460938
AAPL,2021-07-26,145.80442810058594
AAPL,2021-07-27,143.6319122314453
AAPL,2021-07-28,141.8801727294922
AAPL,2021-07-29,142.52603149414062
AAPL,2021-07-30,142.74134826660156
AAPL,2021-08-02,142.40863037109375
AAPL,2021-08-03,144.20928955078125
AAPL,2021-08-04,143.80804443359375
AAPL,2021-08-05,143.9156951904297
AAPL,2021-08-06,143.2296600341797
AAPL,2021-08-09,143.1806182861328
AAPL,2021-08-10,142.7003936767578
AAPL,2021-08-11,142.95521545410156
AAPL,2021-08-12,145.92489624023438
AAPL,2021-08-13,146.13067626953125
AAPL,2021-08-16,148.11048889160156
AAPL,2021-08-17,147.19898986816406
AAPL,2021-08-18,143.4452667236328
AAPL,2021-08-19,143.77850341796875
AAPL,2021-08-20,145.23880004882812
AAPL,2021-08-23,146.72853088378906
AAPL,2021-08-24,146.6403350830078
AAPL,2021-08-25,145.40541076660156
AAPL,2021-08-26,144.6017608642578
AAPL,2021-08-27,145.64064025878906
AAPL,2021-08-30,150.07064819335938
AAPL,2021-08-31,148.8063507080078
AAPL,2021-09-01,149.47274780273438
AAPL,2021-09-02,150.590087890625
AAPL,2021-09-03,151.2271728515625
AAPL,2021-09-07,153.56954956054688
AAPL,2021-09-08,152.02101135253906
AAPL,2021-09-09,151.0017547607422
AAPL,2021-09-10,146.00331115722656
AAPL,2021-09-13,146.5717315673828
AAPL,2021-09-14,145.17019653320312
AAPL,2021-09-15,146.06207275390625
AAPL,2021-09-16,145.8268585205078
AAPL,2021-09-17,143.1512451171875
AAPL,2021-09-20,140.09335327148438
AAPL,2021-09-21,140.5736083984375
AAPL,2021-09-22,142.9453887939453
AAPL,2021-09-23,143.9058837890625
AAPL,2021-09-24,143.99411010742188
AAPL,2021-09-27,142.4749755859375
AAPL,2021-09-28,139.08387756347656
AAPL,2021-09-29,139.98558044433594
AAPL,2021-09-30,138.68202209472656
AAPL,2021-10-01,139.80918884277344
AAPL,2021-10-04,136.36904907226562
AAPL,2021-10-05,138.2998046875
AAPL,2021-10-06,139.172119140625
AAPL,2021-10-07,140.4364013671875
AAPL,2021-10-08,140.05419921875
AAPL,2021-10-11,139.9659423828125
AAPL,2021-10-12,138.6918487548828
AAPL,2021-10-13,138.1038360595703
AAPL,2021-10-14,140.89703369140625
AAPL,2021-10-15,141.95553588867188
AAPL,2021-10-18,143.6314697265625
AAPL,2021-10-19,145.79747009277344
AAPL,2021-10-20,146.28749084472656
AAPL,2021-10-21,146.5031280517578
AAPL,2021-10-22,145.7288818359375
AAPL,2021-10-25,145.67984008789062
AAPL,2021-10-26,146.34632873535156
AAPL,2021-10-27,145.8856658935547
AAPL,2021-10-28,149.5316162109375
AAPL,2021-10-29,146.81675720214844
AAPL,2021-11-01,145.99349975585938
AAPL,2021-11-02,147.03236389160156
AAPL,2021-11-03,148.47312927246094
AAPL,2021-11-04,147.9536590576172
AAPL,2021-11-05,148.4836883544922
AAPL,2021-11-08,147.65924072265625
AAPL,2021-11-09,148.02236938476562
AAPL,2021-11-10,145.185791015625
AAPL,2021-11-11,145.13671875
AAPL,2021-11-12,147.21751403808594
AAPL,2021-11-15,147.22732543945312
AAPL,2021-11-16,148.20887756347656
AAPL,2021-11-17,150.65283203125
AAPL,2021-11-18,154.95184326171875
AAPL,2021-11-19,157.58229064941406
AAPL,2021-11-22,158.04364013671875
AAPL,2021-11-23,158.42642211914062
AAPL,2021-11-24,158.94664001464844
AAPL,2021-11-26,153.91143798828125
AAPL,2021-11-29,157.278076171875
AAPL,2021-11-30,162.24452209472656
AAPL,2021-12-01,161.72433471679688
AAPL,2021-12-02,160.7329864501953
AAPL,2021-12-03,158.84849548339844
AAPL,2021-12-06,162.26417541503906
AAPL,2021-12-07,168.01580810546875
AAPL,2021-12-08,171.84373474121094
AAPL,2021-12-09,171.3333282470703
AAPL,2021-12-10,176.1329803466797
AAPL,2021-12-13,172.49159240722656
AAPL,2021-12-14,171.10760498046875
AAPL,2021-12-15,175.98574829101562
AAPL,2021-12-16,169.07586669921875
AAPL,2021-12-17,167.97657775878906
AAPL,2021-12-20,166.6122589111328
AAPL,2021-12-21,169.79238891601562
AAPL,2021-12-22,172.39340209960938
AAPL,2021-12-23,173.0215301513672
AAPL,2021-12-27,176.9967041015625
AAPL,2021-12-28,175.9759063720703
AAPL,2021-12-29,176.0642852783203
AAPL,2021-12-30,174.9060516357422
AAPL,2021-12-31,174.28773498535156
AAPL,2022-01-03,178.6456756591797
AAPL,2022-01-04,176.37832641601562
AAPL,2022-01-05,171.68673706054688
AAPL,2022-01-06,168.82066345214844
AAPL,2022-01-07,168.98751831054688
AAPL,2022-01-10,169.00717163085938
AAPL,2022-01-11,171.84373474121094
AAPL,2022-01-12,172.28541564941406
AAPL,2022-01-13,169.00717163085938
AAPL,2022-01-14,169.87091064453125
AAPL,2022-01-18,166.66134643554688
AAPL,2022-01-19,163.15733337402344
AAPL,2022-01-20,161.46914672851562
AAPL,2022-01-21,159.40797424316406
AAPL,2022-01-24,158.63258361816406
AAPL,2022-01-25,156.82655334472656
AAPL,2022-01-26,156.73822021484375
AAPL,2022-01-27,156.2769012451172
AAPL,2022-01-28,167.1815643310547
AAPL,2022-01-31,171.54930114746094
AAPL,2022-02-01,171.38243103027344
AAPL,2022-02-02,172.5897216796875
AAPL,2022-02-03,169.70407104492188
AAPL,2022-02-04,169.41905212402344
AAPL,2022-02-07,168.70162963867188
AAPL,2022-02-08,171.8170166015625
AAPL,2022-02-09,173.2419891357422
AAPL,2022-02-10,169.15367126464844
AAPL,2022-02-11,165.73367309570312
AAPL,2022-02-14,165.9695281982422
AAPL,2022-02-15,169.81214904785156
AAPL,2022-02-16,169.5762939453125
AAPL,2022-02-17,165.9695281982422
AAPL,2022-02-18,164.41676330566406
AAPL,2022-02-22,161.48812866210938
AAPL,2022-02-23,157.31137084960938
AAPL,2022-02-24,159.9353790283203
AAPL,2022-02-25,162.00900268554688
AAPL,2022-02-28,162.27432250976562
AAPL,2022-03-01,160.3874053955078
AAPL,2022-03-02,163.6894989013672
AAPL,2022-03-03,163.36520385742188
AAPL,2022-03-04,160.3579559326172
AAPL,2022-03-07,156.5546417236328
AAPL,2022-03-08,154.72671508789062
AAPL,2022-03-09,160.1417236328125
AAPL,2022-03-10,155.78807067871094
AAPL,2022-03-11,152.0634002685547
AAPL,2022-03-14,148.02423095703125
AAPL,2022-03-15,152.41717529296875
AAPL,2022-03-16,156.83963012695312
AAPL,2022-03-17,157.8518829345703
AAPL,2022-03-18,161.1539764404297
AAPL,2022-03-21,162.52984619140625
AAPL,2022-03-22,165.91058349609375
AAPL,2022-03-23,167.27662658691406
AAPL,2022-03-24,171.07009887695312
AAPL,2022-03-25,171.7089080810547
AAPL,2022-03-28,172.57376098632812
AAPL,2022-03-29,175.87583923339844
AAPL,2022-03-30,174.7063446044922
AAPL,2022-03-31,171.6007843017578
AAPL,2022-04-01,171.3059539794922
AAPL,2022-04-04,175.36476135253906
AAPL,2022-04-05,172.0430450439453
AAPL,2022-04-06,168.8686981201172
AAPL,2022-04-07,169.17335510253906
AAPL,2022-04-08,167.15866088867188
AAPL,2022-04-11,162.8934783935547
AAPL,2022-04-12,164.7705841064453
AAPL,2022-04-13,167.4633331298828
AAPL,2022-04-14,162.44142150878906
AAPL,2022-04-18,162.2252197265625
AAPL,2022-04-19,164.51504516601562
AAPL,2022-04-20,164.34796142578125
AAPL,2022-04-21,163.5519256591797
AAPL,2022-04-22,159.00172424316406
AAPL,2022-04-25,160.07296752929688
AAPL,2022-04-26,154.0977020263672
AAPL,2022-04-27,153.8717041015625
AAPL,2022-04-28,160.8198699951172
AAPL,2022-04-29,154.93307495117188
AAPL,2022-05-02,155.23773193359375
AAPL,2022-05-03,156.73155212402344
AAPL,2022-05-04,163.15884399414062
AAPL,2022-05-05,154.0682373046875
AAPL,2022-05-06,154.7965545654297
AAPL,2022-05-09,149.6589813232422
AAPL,2022-05-10,152.07028198242188
AAPL,2022-05-11,144.186767578125
AAPL,2022-05-12,140.30897521972656
AAPL,2022-05-13,144.7871551513672
AAPL,2022-05-16,143.24192810058594
AAPL,2022-05-17,146.88351440429688
AAPL,2022-05-18,138.59649658203125
AAPL,2022-05-19,135.18124389648438
AAPL,2022-05-20,135.41744995117188
AAPL,2022-05-23,140.85031127929688
AAPL,2022-05-24,138.1437225341797
AAPL,2022-05-25,138.3011932373047
AAPL,2022-05-26,141.5097198486328
AAPL,2022-05-27,147.2771759033203
AAPL,2022-05-31,146.4898223876953
AAPL,2022-06-01,146.3618621826172
AAPL,2022-06-02,148.82241821289062
AAPL,2022-06-03,143.08445739746094
AAPL,2022-06-06,143.83242797851562
AAPL,2022-06-07,146.3618621826172
AAPL,2022-06-08,145.6237030029297
AAPL,2022-06-09,140.3876953125
AAPL,2022-06-10,134.96470642089844
AAPL,2022-06-13,129.79763793945312
AAPL,2022-06-14,130.66371154785156
AAPL,2022-06-15,133.29156494140625
AAPL,2022-06-16,128.00636291503906
AAPL,2022-06-17,129.48268127441406
AAPL,2022-06-21,133.724609375
AAPL,2022-06-22,133.21282958984375
AAPL,2022-06-23,136.08670043945312
AAPL,2022-06-24,139.42320251464844
AAPL,2022-06-27,139.42320251464844
AAPL,2022-06-28,135.26983642578125
AAPL,2022-06-29,137.0315704345703
AAPL,2022-06-30,134.56117248535156
AAPL,2022-07-01,136.73626708984375
AAPL,2022-07-05,139.3247833251953
AAPL,2022-07-06,140.6632843017578
AAPL,2022-07-07,144.03912353515625
AAPL,2022-07-08,144.71823120117188
AAPL,2022-07-11,142.58250427246094
AAPL,2022-07-12,143.55685424804688
AAPL,2022-07-13,143.19273376464844
AAPL,2022-07-14,146.1256866455078
AAPL,2022-07-15,147.79881286621094
AAPL,2022-07-18,144.7477569580078
AAPL,2022-07-19,148.61569213867188
AAPL,2022-07-20,150.6234893798828
AAPL,2022-07-21,152.89703369140625
AAPL,2022-07-22,151.65692138671875
AAPL,2022-07-25,150.53492736816406
AAPL,2022-07-26,149.20628356933594
AAPL,2022-07-27,154.31427001953125
AAPL,2022-07-28,154.865478515625
AAPL,2022-07-29,159.94395446777344
AAPL,2022-08-01,158.95973205566406
AAPL,2022-08-02,157.4834442138672
AAPL,2022-08-03,163.50682067871094
AAPL,2022-08-04,163.19187927246094
AAPL,2022-08-05,162.96519470214844
AAPL,2022-08-08,162.49209594726562
AAPL,2022-08-09,162.54136657714844
AAPL,2022-08-10,166.79908752441406
AAPL,2022-08-11,166.05987548828125
AAPL,2022-08-12,169.61782836914062
AAPL,2022-08-15,170.6920928955078
AAPL,2022-08-16,170.53440856933594
AAPL,2022-08-17,172.0325164794922
AAPL,2022-08-18,171.6382598876953
AAPL,2022-08-19,169.04617309570312
AAPL,2022-08-22,165.1531524658203
AAPL,2022-08-23,164.81805419921875
AAPL,2022-08-24,165.11375427246094
AAPL,2022-08-25,167.57765197753906
AAPL,2022-08-26,161.26011657714844
AAPL,2022-08-29,159.0524139404297
AAPL,2022-08-30,156.61807250976562
AAPL,2022-08-31,154.95242309570312
AAPL,2022-09-01,155.68174743652344
AAPL,2022-09-02,153.56277465820312
AAPL,2022-09-06,152.3012237548828
AAPL,2022-09-07,153.71063232421875
AAPL,2022-09-08,152.23223876953125
AAPL,2022-09-09,155.10028076171875
AAPL,2022-09-12,161.07286071777344
AAPL,2022-09-13,151.62118530273438
AAPL,2022-09-14,153.07000732421875
AAPL,2022-09-15,150.17239379882812
AAPL,2022-09-16,148.5264892578125
AAPL,2022-09-19,152.251953125
AAPL,2022-09-20,154.6370391845703
AAPL,2022-09-21,151.5029296875
AAPL,2022-09-22,150.53707885742188
AAPL,2022-09-23,148.26039123535156
AAPL,2022-09-26,148.59547424316406
AAPL,2022-09-27,149.57119750976562
AAPL,2022-09-28,147.67886352539062
AAPL,2022-09-29,140.42501831054688
AAPL,2022-09-30,136.20677185058594
AAPL,2022-10-03,140.3954620361328
AAPL,2022-10-04,143.99282836914062
AAPL,2022-10-05,144.28848266601562
AAPL,2022-10-06,143.3324737548828
AAPL,2022-10-07,138.0695037841797
AAPL,2022-10-10,138.39476013183594
AAPL,2022-10-11,136.97552490234375
AAPL,2022-10-12,136.3447265625
AAPL,2022-10-13,140.9276580810547
AAPL,2022-10-14,136.38418579101562
AAPL,2022-10-17,140.35606384277344
AAPL,2022-10-18,141.67672729492188
AAPL,2022-10-19,141.78514099121094
AAPL,2022-10-20,141.32191467285156
AAPL,2022-10-21,145.14593505859375
AAPL,2022-10-24,147.2945098876953
AAPL,2022-10-25,150.142822265625
AAPL,2022-10-26,147.19595336914062
AAPL,2022-10-27,142.71157836914062
AAPL,2022-10-28,153.49378967285156
AAPL,2022-10-31,151.12838745117188
AAPL,2022-11-01,148.4771728515625
AAPL,2022-11-02,142.93826293945312
AAPL,2022-11-03,136.87696838378906
AAPL,2022-11-04,136.6103973388672
AAPL,2022-11-07,137.14349365234375
AAPL,2022-11-08,137.71609497070312
AAPL,2022-11-09,133.14527893066406
AAPL,2022-11-10,144.99185180664062
AAPL,2022-11-11,147.78561401367188
AAPL,2022-11-14,146.3837890625
AAPL,2022-11-15,148.12127685546875
AAPL,2022-11-16,146.88726806640625
AAPL,2022-11-17,148.79261779785156
AAPL,2022-11-18,149.35533142089844
AAPL,2022-11-21,146.11724853515625
AAPL,2022-11-22,148.25950622558594
AAPL,2022-11-23,149.1381378173828
AAPL,2022-11-25,146.21595764160156
AAPL,2022-11-28,142.375732421875
AAPL,2022-11-29,139.36473083496094
AAPL,2022-11-30,146.13699340820312
AAPL,2022-12-01,146.41342163085938
AAPL,2022-12-02,145.91983032226562
AAPL,2022-12-05,144.75491333007812
AAPL,2022-12-06,141.0824737548828
AAPL,2022-12-07,139.13766479492188
AAPL,2022-12-08,140.82579040527344
AAPL,2022-12-09,140.3420867919922
AAPL,2022-12-12,142.6422882080078
AAPL,2022-12-13,143.6097412109375
AAPL,2022-12-14,141.37863159179688
AAPL,2022-12-15,134.75442504882812
AAPL,2022-12-16,132.78990173339844
AAPL,2022-12-19,130.67726135253906
AAPL,2022-12-20,130.60816955566406
AAPL,2022-12-21,133.71788024902344
AAPL,2022-12-22,130.53904724121094
AAPL,2022-12-23,130.17379760742188
AAPL,2022-12-27,128.36717224121094
AAPL,2022-12-28,124.42822265625
AAPL,2022-12-29,127.95255279541016
AAPL,2022-12-30,128.2684326171875
AAPL,2023-01-03,123.4706039428711
AAPL,2023-01-04,124.74412536621094
AAPL,2023-01-05,123.42124938964844
AAPL,2023-01-06,127.9624252319336
AAPL,2023-01-09,128.48565673828125
AAPL,2023-01-10,129.0582275390625
AAPL,2023-01-11,131.78294372558594
AAPL,2023-01-12,131.70396423339844
AAPL,2023-01-13,133.0366973876953
AAPL,2023-01-17,134.2016143798828
AAPL,2023-01-18,133.48094177246094
AAPL,2023-01-19,133.5402069091797
AAPL,2023-01-20,136.10693359375
AAPL,2023-01-23,139.3054962158203
AAPL,2023-01-24,140.7073516845703
AAPL,2023-01-25,140.0458984375
AAPL,2023-01-26,142.11904907226562
AAPL,2023-01-27,144.0638427734375
AAPL,2023-01-30,141.17132568359375
AAPL,2023-01-31,142.44483947753906
AAPL,2023-02-01,143.5702362060547
AAPL,2023-02-02,148.89132690429688
AAPL,2023-02-03,152.52426147460938
AAPL,2023-02-06,149.7896728515625
AAPL,2023-02-07,152.67234802246094
AAPL,2023-02-08,149.97727966308594
AAPL,2023-02-09,148.94070434570312
AAPL,2023-02-10,149.30648803710938
AAPL,2023-02-13,152.11447143554688
AAPL,2023-02-14,151.47178649902344
AAPL,2023-02-15,153.57777404785156
AAPL,2023-02-16,151.97605895996094
AAPL,2023-02-17,150.82913208007812
AAPL,2023-02-21,146.80508422851562
AAPL,2023-02-22,147.23020935058594
AAPL,2023-02-23,147.7146453857422
AAPL,2023-02-24,145.05502319335938
AAPL,2023-02-27,146.25137329101562
AAPL,2023-02-28,145.74710083007812
AAPL,2023-03-01,143.67079162597656
AAPL,2023-03-02,144.26406860351562
AAPL,2023-03-03,149.3262939453125
AAPL,2023-03-06,152.09469604492188
AAPL,2023-03-07,149.8898468017578
AAPL,2023-03-08,151.14552307128906
AAPL,2023-03-09,148.8912353515625
AAPL,2023-03-10,146.8248291015625
AAPL,2023-03-13,148.77261352539062
AAPL,2023-03-14,150.86868286132812
AAPL,2023-03-15,151.26419067382812
AAPL,2023-03-16,154.09193420410156
AAPL,2023-03-17,153.25149536132812
AAPL,2023-03-20,155.62442016601562
AAPL,2023-03-21,157.48321533203125
AAPL,2023-03-22,156.0496063232422
AAPL,2023-03-23,157.13714599609375
AAPL,2023-03-24,158.44227600097656
AAPL,2023-03-27,156.49449157714844
AAPL,2023-03-28,155.87161254882812
AAPL,2023-03-29,158.95640563964844
AAPL,2023-03-30,160.52850341796875
AAPL,2023-03-31,163.03982543945312
AAPL,2023-04-03,164.29550170898438
AAPL,2023-04-04,163.76158142089844
AAPL,2023-04-05,161.9126739501953
AAPL,2023-04-06,162.8025665283203
AAPL,2023-04-10,160.20220947265625
AAPL,2023-04-11,158.98605346679688
AAPL,2023-04-12,158.29397583007812
AAPL,2023-04-13,163.6923828125
AAPL,2023-04-14,163.34632873535156
AAPL,2023-04-17,163.36611938476562
AAPL,2023-04-18,164.59213256835938
AAPL,2023-04-19,165.73904418945312
AAPL,2023-04-20,164.7700958251953
AAPL,2023-04-21,163.1584930419922
AAPL,2023-04-24,163.4649658203125
AAPL,2023-04-25,161.92257690429688
AAPL,2023-04-26,161.9126739501953
AAPL,2023-04-27,166.51023864746094
AAPL,2023-04-28,167.7659149169922
AAPL,2023-05-01,167.67689514160156
AAPL,2023-05-02,166.63877868652344
AAPL,2023-05-03,165.56106567382812
AAPL,2023-05-04,163.9197998046875
AAPL,2023-05-05,171.61203002929688
AAPL,2023-05-08,171.54281616210938
AAPL,2023-05-09,169.8323211669922
AAPL,2023-05-10,171.60214233398438
AAPL,2023-05-11,171.78997802734375
AAPL,2023-05-12,170.85931396484375
AAPL,2023-05-15,170.3643035888672
AAPL,2023-05-16,170.3643035888672
AAPL,2023-05-17,170.97811889648438
AAPL,2023-05-18,173.31472778320312
AAPL,2023-05-19,173.4236297607422
AAPL,2023-05-22,172.47315979003906
AAPL,2023-05-23,169.85931396484375
AAPL,2023-05-24,170.13653564453125
AAPL,2023-05-25,171.27516174316406
AAPL,2023-05-26,173.6909637451172
AAPL,2023-05-30,175.54244995117188
AAPL,2023-05-31,175.49290466308594
AAPL,2023-06-01,178.30474853515625
AAPL,2023-06-02,179.15625
AAPL,2023-06-05,177.79983520507812
AAPL,2023-06-06,177.43348693847656
AAPL,2023-06-07,176.0572509765625
AAPL,2023-06-08,178.77999877929688
AAPL,2023-06-09,179.16616821289062
AAPL,2023-06-12,181.96807861328125
AAPL,2023-06-13,181.4928436279297
AAPL,2023-06-14,182.12648010253906
AAPL,2023-06-15,184.16607666015625
AAPL,2023-06-16,183.0868682861328
AAPL,2023-06-20,183.1759796142578
AAPL,2023-06-21,182.13641357421875
AAPL,2023-06-22,185.14625549316406
AAPL,2023-06-23,184.82945251464844
AAPL,2023-06-26,183.43341064453125
AAPL,2023-06-27,186.1957550048828
AAPL,2023-06-28,187.37396240234375
AAPL,2023-06-29,187.71060180664062
AAPL,2023-06-30,192.0471954345703
AAPL,2023-07-03,190.5521697998047
AAPL,2023-07-05,189.433349609375
AAPL,2023-07-06,189.9085693359375
AAPL,2023-07-07,188.78977966308594
AAPL,2023-07-10,186.74032592773438
AAPL,2023-07-11,186.21554565429688
AAPL,2023-07-12,187.88882446289062
AAPL,2023-07-13,188.65118408203125
AAPL,2023-07-14,188.7996826171875
AAPL,2023-07-17,192.06695556640625
AAPL,2023-07-18,191.80955505371094
AAPL,2023-07-19,193.16598510742188
AAPL,2023-07-20,191.2154998779297
AAPL,2023-07-21,190.03729248046875
AAPL,2023-07-24,190.83926391601562
AAPL,2023-07-25,191.7006378173828
AAPL,2023-07-26,192.57191467285156
AAPL,2023-07-27,191.3046112060547
AAPL,2023-07-28,193.88873291015625
AAPL,2023-07-31,194.5026092529297
AAPL,2023-08-01,193.67091369628906
AAPL,2023-08-02,190.67092895507812
AAPL,2023-08-03,189.27491760253906
AAPL,2023-08-04,180.18592834472656
AAPL,2023-08-07,177.0770721435547
AAPL,2023-08-08,178.01763916015625
AAPL,2023-08-09,176.42361450195312
AAPL,2023-08-10,176.20578002929688
AAPL,2023-08-11,176.2652587890625
AAPL,2023-08-14,177.9209442138672
AAPL,2023-08-15,175.92816162109375
AAPL,2023-08-16,175.0557403564453
AAPL,2023-08-17,172.5077667236328
AAPL,2023-08-18,172.9935760498047
AAPL,2023-08-21,174.3319854736328
AAPL,2023-08-22,175.71006774902344
AAPL,2023-08-23,179.5666961669922
AAPL,2023-08-24,174.8673553466797
AAPL,2023-08-25,177.0782470703125
AAPL,2023-08-28,178.64471435546875
AAPL,2023-08-29,182.5409698486328
AAPL,2023-08-30,186.0406951904297
AAPL,2023-08-31,186.25880432128906
AAPL,2023-09-01,187.835205078125
AAPL,2023-09-05,188.0731201171875
AAPL,2023-09-06,181.34133911132812
AAPL,2023-09-07,176.03724670410156
AAPL,2023-09-08,176.65191650390625
AAPL,2023-09-11,177.82179260253906
AAPL,2023-09-12,174.78805541992188
AAPL,2023-09-13,172.7159881591797
AAPL,2023-09-14,174.23284912109375
AAPL,2023-09-15,173.50909423828125
AAPL,2023-09-18,176.44371032714844
AAPL,2023-09-19,177.53431701660156
AAPL,2023-09-20,173.9849853515625
AAPL,2023-09-21,172.43836975097656
AAPL,2023-09-22,173.29098510742188
AAPL,2023-09-25,174.5699462890625
AAPL,2023-09-26,170.4852752685547
AAPL,2023-09-27,168.9683837890625
AAPL,2023-09-28,169.22616577148438
AAPL,2023-09-29,169.74169921875
AAPL,2023-10-02,172.25990295410156
AAPL,2023-10-03,170.92147827148438
AAPL,2023-10-04,172.17068481445312
AAPL,2023-10-05,173.40997314453125
AAPL,2023-10-06,175.9678497314453
AAPL,2023-10-09,177.4550018310547
AAPL,2023-10-10,176.860107421875
AAPL,2023-10-11,178.25804138183594
AAPL,2023-10-12,179.1602020263672
AAPL,2023-10-13,177.31619262695312
AAPL,2023-10-16,177.1873016357422
AAPL,2023-10-17,175.63075256347656
AAPL,2023-10-18,174.3319854736328
AAPL,2023-10-19,173.95526123046875
AAPL,2023-10-20,171.39739990234375
AAPL,2023-10-23,171.51634216308594
AAPL,2023-10-24,171.9525909423828
AAPL,2023-10-25,169.63265991210938
AAPL,2023-10-26,165.458740234375
AAPL,2023-10-27,166.77732849121094
AAPL,2023-10-30,168.82957458496094
AAPL,2023-10-31,169.3054656982422
AAPL,2023-11-01,172.47801208496094
AAPL,2023-11-02,176.04714965820312
AAPL,2023-11-03,175.13504028320312
AAPL,2023-11-06,177.6929168701172
AAPL,2023-11-07,180.26071166992188
AAPL,2023-11-08,181.32154846191406
AAPL,2023-11-09,180.8456573486328
AAPL,2023-11-10,185.04489135742188
AAPL,2023-11-13,183.45652770996094
AAPL,2023-11-14,186.07733154296875
AAPL,2023-11-15,186.64317321777344
AAPL,2023-11-16,188.3308563232422
AAPL,2023-11-17,188.3109588623047
AAPL,2023-11-20,190.05816650390625
AAPL,2023-11-21,189.2540740966797
AAPL,2023-11-22,189.919189453125
AAPL,2023-11-24,188.5889434814453
AAPL,2023-11-27,188.41024780273438
AAPL,2023-11-28,189.0157928466797
AAPL,2023-11-29,187.99330139160156
AAPL,2023-11-30,188.569091796875
AAPL,2023-12-01,189.84970092773438
AAPL,2023-12-04,188.05287170410156
AAPL,2023-12-05,192.01385498046875
AAPL,2023-12-06,190.92185974121094
AAPL,2023-12-07,192.85768127441406
AAPL,2023-12-08,194.2872314453125
AAPL,2023-12-11,191.77560424804688
AAPL,2023-12-12,193.2944793701172
AAPL,2023-12-13,196.52085876464844
AAPL,2023-12-14,196.66976928710938
AAPL,2023-12-15,196.13368225097656
AAPL,2023-12-18,194.46591186523438
AAPL,2023-12-19,195.50827026367188
AAPL,2023-12-20,193.41360473632812
AAPL,2023-12-21,193.2646942138672
AAPL,2023-12-22,192.1925506591797
AAPL,2023-12-26,191.6465606689453
AAPL,2023-12-27,191.74581909179688
AAPL,2023-12-28,192.17269897460938
AAPL,2023-12-29,191.13034057617188
AAPL,2024-01-02,184.29042053222656
AAPL,2024-01-03,182.9105224609375
AAPL,2024-01-04,180.58755493164062
AAPL,2024-01-05,179.86285400390625
AAPL,2024-01-08,184.21099853515625
AAPL,2024-01-09,183.7940673828125
AAPL,2024-01-10,184.83642578125
AAPL,2024-01-11,184.24078369140625
AAPL,2024-01-12,184.56838989257812
AAPL,2024-01-16,182.29505920410156
AAPL,2024-01-17,181.35194396972656
AAPL,2024-01-18,187.2586669921875
AAPL,2024-01-19,190.16738891601562
AAPL,2024-01-22,192.48045349121094
AAPL,2024-01-23,193.7610626220703
AAPL,2024-01-24,193.08599853515625
AAPL,2024-01-25,192.75840759277344
AAPL,2024-01-26,191.0211181640625
AAPL,2024-01-29,190.3361358642578
AAPL,2024-01-30,186.6729736328125
AAPL,2024-01-31,183.05943298339844
AAPL,2024-02-01,185.50155639648438
AAPL,2024-02-02,184.4989013671875
AAPL,2024-02-05,186.3155975341797
AAPL,2024-02-06,187.92381286621094
AAPL,2024-02-07,188.03298950195312
AAPL,2024-02-08,186.95095825195312
AAPL,2024-02-09,187.71632385253906
AAPL,2024-02-12,186.02651977539062
AAPL,2024-02-13,183.92916870117188
AAPL,2024-02-14,183.0445098876953
AAPL,2024-02-15,182.75625610351562
AAPL,2024-02-16,181.21556091308594
AAPL,2024-02-20,180.47006225585938
AAPL,2024-02-21,181.2255401611328
AAPL,2024-02-22,183.26319885253906
AAPL,2024-02-23,181.42431640625
AAPL,2024-02-26,180.07247924804688
AAPL,2024-02-27,181.53363037109375
AAPL,2024-02-28,180.33091735839844
AAPL,2024-02-29,179.66493225097656
AAPL,2024-03-01,178.58148193359375
AAPL,2024-03-04,174.04885864257812
AAPL,2024-03-05,169.09873962402344
AAPL,2024-03-06,168.10475158691406
AAPL,2024-03-07,167.9854736328125
AAPL,2024-03-08,169.705078125
AAPL,2024-03-11,171.71295166015625
AAPL,2024-03-12,172.19009399414062
AAPL,2024-03-13,170.10267639160156
AAPL,2024-03-14,171.96145629882812
AAPL,2024-03-15,171.58372497558594
AAPL,2024-03-18,172.67713928222656
AAPL,2024-03-19,175.02297973632812
AAPL,2024-03-20,177.597412109375
AAPL,2024-03-21,170.3412322998047
AAPL,2024-03-22,171.24578857421875
AAPL,2024-03-25,169.82437133789062
AAPL,2024-03-26,168.6912078857422
AAPL,2024-03-27,172.2696075439453
AAPL,2024-03-28,170.45057678222656
AAPL,2024-04-01,169.00927734375
AAPL,2024-04-02,167.82643127441406
AAPL,2024-04-03,168.63156127929688
AAPL,2024-04-04,167.8065643310547
AAPL,2024-04-05,168.56198120117188
AAPL,2024-04-08,167.4387664794922
AAPL,2024-04-09,168.65145874023438
AAPL,2024-04-10,166.77279663085938
AAPL,2024-04-11,173.9892120361328
AAPL,2024-04-12,175.49014282226562
AAPL,2024-04-15,171.65330505371094
AAPL,2024-04-16,168.36317443847656
AAPL,2024-04-17,166.99147033691406
AAPL,2024-04-18,166.03721618652344
AAPL,2024-04-19,164.0094757080078
AAPL,2024-04-22,164.8444366455078
AAPL,2024-04-23,165.8980712890625
AAPL,2024-04-24,168.00535583496094
AAPL,2024-04-25,168.87014770507812
AAPL,2024-04-26,168.28366088867188
AAPL,2024-04-29,172.4584503173828
AAPL,2024-04-30,169.3074951171875
AAPL,2024-05-01,168.28366088867188
AAPL,2024-05-02,171.99127197265625
AAPL,2024-05-03,182.2791748046875
AAPL,2024-05-06,180.61917114257812
AAPL,2024-05-07,181.30503845214844
AAPL,2024-05-08,181.6429901123047
AAPL,2024-05-09,183.46202087402344
AAPL,2024-05-10,182.1979217529297
AAPL,2024-05-13,185.4128875732422
AAPL,2024-05-14,186.55751037597656
AAPL,2024-05-15,188.83688354492188
AAPL,2024-05-16,188.95631408691406
AAPL,2024-05-17,188.9861602783203
AAPL,2024-05-20,190.15072631835938
AAPL,2024-05-21,191.4546356201172
AAPL,2024-05-22,190.01136779785156
AAPL,2024-05-23,186.0100860595703
AAPL,2024-05-24,189.0956573486328
AAPL,2024-05-28,189.10562133789062
AAPL,2024-05-29,189.4042205810547
AAPL,2024-05-30,190.39956665039062
AAPL,2024-05-31,191.3551025390625
AAPL,2024-06-03,193.12681579589844
AAPL,2024-06-04,193.44532775878906
AAPL,2024-06-05,194.95823669433594
AAPL,2024-06-06,193.57470703125
AAPL,2024-06-07,195.97349548339844
AAPL,2024-06-10,192.22103881835938
AAPL,2024-06-11,206.18572998046875
AAPL,2024-06-12,212.0782012939453
AAPL,2024-06-13,213.24273681640625
AAPL,2024-06-14,211.50086975097656
AAPL,2024-06-17,215.6614227294922
AAPL,2024-06-18,213.29248046875
AAPL,2024-06-20,208.70396423339844
AAPL,2024-06-21,206.52415466308594
AAPL,2024-06-24,207.17112731933594
AAPL,2024-06-25,208.0968017578125
AAPL,2024-06-26,212.25733947753906
AAPL,2024-06-27,213.1033935546875
AAPL,2024-06-28,209.6395721435547
AAPL,2024-07-01,215.7410430908203
AAPL,2024-07-02,219.24465942382812
AAPL,2024-07-03,220.51870727539062
AAPL,2024-07-05,225.2864227294922
AAPL,2024-07-08,226.75953674316406
AAPL,2024-07-09,227.61550903320312
AAPL,2024-07-10,231.8955078125
AAPL,2024-07-11,226.5106964111328
AAPL,2024-07-12,229.4668426513672
AAPL,2024-07-15,233.3088836669922
AAPL,2024-07-16,233.72695922851562
AAPL,2024-07-17,227.81460571289062
AAPL,2024-07-18,223.13645935058594
AAPL,2024-07-19,223.26585388183594
AAPL,2024-07-22,222.91751098632812
AAPL,2024-07-23,223.96258544921875
AAPL,2024-07-24,217.522705078125
AAPL,2024-07-25,216.4776153564453
AAPL,2024-07-26,216.94541931152344
AAPL,2024-07-29,217.22412109375
AAPL,2024-07-30,217.78152465820312
AAPL,2024-07-31,221.04623413085938
AAPL,2024-08-01,217.34356689453125
AAPL,2024-08-02,218.83657836914062
AAPL,2024-08-05,208.29586791992188
AAPL,2024-08-06,206.26535034179688
AAPL,2024-08-07,208.84332275390625
AAPL,2024-08-08,212.3170623779297
AAPL,2024-08-09,215.23342895507812
AAPL,2024-08-12,216.76803588867188
AAPL,2024-08-13,220.49493408203125
AAPL,2024-08-14,220.943359375
AAPL,2024-08-15,223.93284606933594
AAPL,2024-08-16,225.25819396972656
AAPL,2024-08-19,225.09873962402344
AAPL,2024-08-20,225.71656799316406
AAPL,2024-08-21,225.60696411132812
AAPL,2024-08-22,223.74351501464844
AAPL,2024-08-23,226.04542541503906
AAPL,2024-08-26,226.3842315673828
AAPL,2024-08-27,227.23126220703125
AAPL,2024-08-28,225.6966552734375
AAPL,2024-08-29,228.98507690429688
AAPL,2024-08-30,228.19784545898438
AAPL,2024-09-03,221.9896697998047
AAPL,2024-09-04,220.07640075683594
AAPL,2024-09-05,221.60104370117188
AAPL,2024-09-06,220.0465087890625
AAPL,2024-09-09,220.13619995117188
AAPL,2024-09-10,219.3389892578125
AAPL,2024-09-11,221.88006591796875
AAPL,2024-09-12,221.9896697998047
AAPL,2024-09-13,221.7206268310547
AAPL,2024-09-16,215.56228637695312
AAPL,2024-09-17,216.03060913085938
AAPL,2024-09-18,219.91697692871094
AAPL,2024-09-19,228.0683135986328
AAPL,2024-09-20,227.40065002441406
AAPL,2024-09-23,225.67672729492188
AAPL,2024-09-24,226.57354736328125
AAPL,2024-09-25,225.57705688476562
AAPL,2024-09-26,226.72303771972656
AAPL,2024-09-27,226.99208068847656
AAPL,2024-09-30,232.18385314941406
AAPL,2024-10-01,225.41763305664062
AAPL,2024-10-02,225.98562622070312
AAPL,2024-10-03,224.8795166015625
AAPL,2024-10-04,226.00555419921875
AAPL,2024-10-07,220.91346740722656
AAPL,2024-10-08,224.97918701171875
AAPL,2024-10-09,228.73594665527344
AAPL,2024-10-10,228.23770141601562
AAPL,2024-10-11,226.75294494628906
AAPL,2024-10-14,230.48980712890625
AAPL,2024-10-15,233.03086853027344
AAPL,2024-10-16,230.96810913085938
AAPL,2024-10-17,231.33682250976562
AAPL,2024-10-18,234.1768341064453
AAPL,2024-10-21,235.65164184570312
AAPL,2024-10-22,235.03382873535156
AAPL,2024-10-23,229.95169067382812
AAPL,2024-10-24,229.76235961914062
AAPL,2024-10-25,230.59942626953125
AAPL,2024-10-28,232.5824432373047
AAPL,2024-10-29,232.85150146484375
AAPL,2024-10-30,229.29400634765625
AAPL,2024-10-31,225.11868286132812
AAPL,2024-11-01,222.12918090820312
AAPL,2024-11-04,221.23233032226562
AAPL,2024-11-05,222.66729736328125
AAPL,2024-11-06,221.93984985351562
AAPL,2024-11-07,226.6831817626953
AAPL,2024-11-08,226.41383361816406
AAPL,2024-11-11,223.69039916992188
AAPL,2024-11-12,223.69039916992188
AAPL,2024-11-13,224.5782470703125
AAPL,2024-11-14,227.67079162597656
AAPL,2024-11-15,224.4585418701172
AAPL,2024-11-18,227.4712677001953
AAPL,2024-11-19,227.73065185546875
AAPL,2024-11-20,228.44891357421875
AAPL,2024-11-21,227.97007751464844
AAPL,2024-11-22,229.3168182373047
AAPL,2024-11-25,232.30960083007812
AAPL,2024-11-26,234.49432373046875
AAPL,2024-11-27,234.36463928222656
AAPL,2024-11-29,236.7588653564453
AAPL,2024-12-02,239.013427734375
AAPL,2024-12-03,242.06607055664062
AAPL,2024-12-04,242.42520141601562
AAPL,2024-12-05,242.4551239013672
AAPL,2024-12-06,242.25559997558594
AAPL,2024-12-09,246.1562042236328
AAPL,2024-12-10,247.1737518310547
AAPL,2024-12-11,245.89683532714844
AAPL,2024-12-12,247.36329650878906
AAPL,2024-12-13,247.5328826904297
AAPL,2024-12-16,250.43588256835938
AAPL,2024-12-17,252.8699951171875
AAPL,2024-12-18,247.4530792236328
AAPL,2024-12-19,249.1888885498047
AAPL,2024-12-20,253.87759399414062
AAPL,2024-12-23,254.6557159423828
AAPL,2024-12-24,257.57867431640625
AAPL,2024-12-26,258.39666748046875
AAPL,2024-12-27,254.9749298095703
AAPL,2024-12-30,251.59307861328125
AAPL,2024-12-31,249.81736755371094
AAPL,2025-01-02,243.26319885253906
AAPL,2025-01-03,242.7743682861328
AAPL,2025-01-06,244.41041564941406
AAPL,2025-01-07,241.62713623046875
AAPL,2025-01-08,242.11595153808594
AAPL,2025-01-10,236.28004455566406
AAPL,2025-01-13,233.83592224121094
AAPL,2025-01-14,232.71861267089844
AAPL,2025-01-15,237.2975616455078
AAPL,2025-01-16,227.710693359375
AAPL,2025-01-17,229.4265594482422
AAPL,2025-01-21,222.10421752929688
AAPL,2025-01-22,223.29136657714844
AAPL,2025-01-23,223.1217803955078
AAPL,2025-01-24,222.24388122558594
AAPL,2025-01-27,229.30685424804688
AAPL,2025-01-28,237.68663024902344
AAPL,2025-01-29,238.7839813232422
AAPL,2025-01-30,237.0182342529297
AAPL,2025-01-31,235.4320831298828
AAPL,2025-02-03,227.46128845214844
AAPL,2025-02-04,232.23977661132812
AAPL,2025-02-05,231.91058349609375
AAPL,2025-02-06,232.6587677001953
AAPL,2025-02-07,227.08221435546875
AAPL,2025-02-10,227.3518524169922
AAPL,2025-02-11,232.3153533935547
AAPL,2025-02-12,236.55978393554688
AAPL,2025-02-13,241.21368408203125
AAPL,2025-02-14,244.2796630859375
AAPL,2025-02-18,244.14984130859375
AAPL,2025-02-19,244.54930114746094
AAPL,2025-02-20,245.508056640625
AAPL,2025-02-21,245.22842407226562
AAPL,2025-02-24,246.77639770507812
AAPL,2025-02-25,246.71646118164062
AAPL,2025-02-26,240.0452117919922
AAPL,2025-02-27,236.98922729492188
AAPL,2025-02-28,241.5232696533203
AAPL,2025-03-03,237.71826171875
AAPL,2025-03-04,235.6210174560547
AAPL,2025-03-05,235.4312744140625
AAPL,2025-03-06,235.0218048095703
AAPL,2025-03-07,238.7569122314453
AAPL,2025-03-10,227.1820831298828
AAPL,2025-03-11,220.55078125
AAPL,2025-03-12,216.69583129882812
AAPL,2025-03-13,209.4053955078125
AAPL,2025-03-14,213.21041870117188
AAPL,2025-03-17,213.71974182128906
AAPL,2025-03-18,212.4114532470703
AAPL,2025-03-19,214.95811462402344
AAPL,2025-03-20,213.81961059570312
AAPL,2025-03-21,217.98414611816406
AAPL,2025-03-24,220.44091796875
AAPL,2025-03-25,223.45697021484375
AAPL,2025-03-26,221.2398681640625
AAPL,2025-03-27,223.5568389892578
AAPL,2025-03-28,217.6146240234375
AAPL,2025-03-31,221.83909606933594
AAPL,2025-04-01,222.897705078125
AAPL,2025-04-02,223.59678649902344
AAPL,2025-04-03,202.9239044189453
AAPL,2025-04-04,188.13330078125
AAPL,2025-04-07,181.2223663330078
AAPL,2025-04-08,172.19419860839844
AAPL,2025-04-09,198.58958435058594
AAPL,2025-04-10,190.17062377929688
AAPL,2025-04-11,197.89048767089844
AAPL,2025-04-14,202.25477600097656
AAPL,2025-04-15,201.87527465820312
AAPL,2025-04-16,194.0155792236328
AAPL,2025-04-17,196.72203063964844
AAPL,2025-04-21,192.9070281982422
AAPL,2025-04-22,199.47842407226562
AAPL,2025-04-23,204.33206176757812
AAPL,2025-04-24,208.09710693359375
AAPL,2025-04-25,209.00592041015625
AAPL,2025-04-28,209.8647918701172
AAPL,2025-04-29,210.9333953857422
AAPL,2025-04-30,212.22171020507812
AAPL,2025-05-01,213.04063415527344
AAPL,2025-05-02,205.08106994628906
AAPL,2025-05-05,198.62953186035156
AAPL,2025-05-06,198.25001525878906
AAPL,2025-05-07,195.99298095703125
AAPL,2025-05-08,197.2313690185547
AAPL,2025-05-09,198.27000427246094
AAPL,2025-05-12,210.7899932861328
AAPL,2025-05-13,212.92999267578125
AAPL,2025-05-14,212.3300018310547
AAPL,2025-05-15,211.4499969482422
AAPL,2025-05-16,211.25999450683594
AAPL,2025-05-19,208.77999877929688
AAPL,2025-05-20,206.86000061035156
AAPL,2025-05-21,202.08999633789062
AAPL,2025-05-22,201.36000061035156
AAPL,2025-05-23,195.27000427246094
AAPL,2025-05-27,200.2100067138672
AAPL,2025-05-28,200.4199981689453
AAPL,2025-05-29,199.9499969482422
AAPL,2025-05-30,200.85000610351562
AAPL,2025-06-02,201.6999969482422
AAPL,2025-06-03,203.27000427246094
AAPL,2025-06-04,202.82000732421875
AAPL,2025-06-05,200.6300048828125
AAPL,2025-06-06,203.9199981689453
AAPL,2025-06-09,201.4499969482422
AAPL,2025-06-10,202.6699981689453
AAPL,2025-06-11,198.77999877929688
AAPL,2025-06-12,199.1999969482422
AAPL,2025-06-13,196.4499969482422
AAPL,2025-06-16,198.4199981689453
AAPL,2025-06-17,195.63999938964844
AAPL,2025-06-18,196.5800018310547
AAPL,2025-06-20,201.0
AAPL,2025-06-23,201.5
AAPL,2025-06-24,200.3000030517578
AAPL,2025-06-25,201.55999755859375
AAPL,2025-06-26,201.0
AAPL,2025-06-27,201.0800018310547
AAPL,2025-06-30,205.1699981689453
